ID,Name,Type,Layer,FC,P_value
A0A024QYR9,"Phosphatidylinositol 3,4,5-trisphosphate 3-phosphatase and dual-specificity protein phosphatase PTEN (EC 3.1.3.16) (EC 3.1.3.48) (EC 3.1.3.67) (Inositol polyphosphate 3-phosphatase) (Phosphatase and tensin homolog)",Protein,Proteome,,
A0A068EW80,Protein PML,Protein,Proteome,,
A0A075F891,Heat shock transcription factor 1 alpha isoform,Protein,Proteome,,
A0A087WPF7,Autism susceptibility gene 2 protein homolog,Protein,Proteome,,
A0A087WPT2,Prostaglandin-endoperoxide synthase 2,Protein,Proteome,,
A0A087WRM3,Voltage-dependent L-type calcium channel subunit alpha,Protein,Proteome,,
A0A087WRT4,FAT atypical cadherin 1,Protein,Proteome,,
A0A088MLT8,IQCJ-SCHIP1 readthrough transcript protein,Protein,Proteome,,
A0A0A6YXR0,Choline/ethanolaminephosphotransferase 1 (EC 2.7.8.1) (EC 2.7.8.2) (EC 2.7.8.22) (1-alkenyl-2-acylglycerol choline phosphotransferase),Protein,Proteome,,
A0A0B4J1F4,Arrestin domain-containing protein 4,Protein,Proteome,,
A0A0B4J1G0,Low affinity immunoglobulin gamma Fc region receptor III-A (IgG Fc receptor III-A) (CD16-2) (FcgammaRIV) (CD antigen CD16a),Protein,Proteome,,
A0A0B4J1N3,Protein GPR15LG (Protein GPR15 ligand) (Protein GPR15L),Protein,Proteome,,
A0A0G2JDK2,Glucosylceramidase (EC 3.2.1.45),Protein,Proteome,,
A0A0G2JDV3,Guanylate-binding protein 6 (EC 3.6.5.-) (GTP-binding protein 6) (GBP-6) (Guanine nucleotide-binding protein 6) (Macrophage activation 2 like protein),Protein,Proteome,,
A0A0G2JGS4,calcium/calmodulin-dependent protein kinase (EC 2.7.11.17),Protein,Proteome,,
A0A0N4SVP8,Eukaryotic initiation factor 4A-III (EC 3.6.4.13) (ATP-dependent RNA helicase DDX48) (ATP-dependent RNA helicase eIF4A-3) (DEAD box protein 48) (Eukaryotic translation initiation factor 4A isoform 3),Protein,Proteome,,
A0A0R4IZW4,Platelet-derived growth factor subunit B (PDGF-2) (Platelet-derived growth factor B chain) (Platelet-derived growth factor beta polypeptide),Protein,Proteome,,
A0A0R4IZW5,Cadherin-1 (Epithelial cadherin) (Uvomorulin),Protein,Proteome,,
A0A0R4IZY3,Fibroblast growth factor receptor (EC 2.7.10.1),Protein,Proteome,,
A0A0R4J008,Histone deacetylase 2 (HD2) (EC 3.5.1.98),Protein,Proteome,,
A0A0R4J083,"Long-chain specific acyl-CoA dehydrogenase, mitochondrial (EC 1.3.8.8)",Protein,Proteome,,
A0A0R4J093,UMP-CMP kinase (EC 2.7.4.14) (Deoxycytidylate kinase) (CK) (dCMP kinase) (Nucleoside-diphosphate kinase) (EC 2.7.4.6) (Uridine monophosphate/cytidine monophosphate kinase) (UMP/CMP kinase) (UMP/CMPK),Protein,Proteome,,
A0A0R4J097,Transforming growth factor beta receptor type 3 (Betaglycan) (Transforming growth factor beta receptor III),Protein,Proteome,,
A0A0R4J0A9,Low-density lipoprotein receptor-related protein,Protein,Proteome,,
A0A0R4J0B3,Serine/threonine-protein kinase (EC 2.7.11.1),Protein,Proteome,,
A0A0R4J0B6,Broad substrate specificity ATP-binding cassette transporter ABCG2 (EC 7.6.2.2) (ATP-binding cassette sub-family G member 2) (Urate exporter),Protein,Proteome,,
A0A0R4J0I9,Prolow-density lipoprotein receptor-related protein 1,Protein,Proteome,,
A0A0R4J0N8,C-X-C chemokine receptor type 4 (Fusin) (Leukocyte-derived seven transmembrane domain receptor) (Stromal cell-derived factor 1 receptor),Protein,Proteome,,
A0A0R4J104,"Disabled 2, mitogen-responsive phosphoprotein",Protein,Proteome,,
A0A0R4J115,Receptor for retinol uptake STRA6 (Retinol-binding protein receptor STRA6),Protein,Proteome,,
A0A0R4J136,3-oxo-5-alpha-steroid 4-dehydrogenase (EC 1.3.1.22),Protein,Proteome,,
A0A0R4J170,"SWI/SNF related, matrix associated, actin dependent regulator of chromatin, subfamily a, member 4",Protein,Proteome,,
A0A0R4J187,X-ray repair cross-complementing protein 6 (5'-deoxyribose-5-phosphate lyase Ku70) (ATP-dependent DNA helicase 2 subunit 1) (ATP-dependent DNA helicase II 70 kDa subunit) (CTC box-binding factor 75 kDa subunit) (DNA repair protein XRCC6),Protein,Proteome,,
A0A0R4J1M7,Sodium channel protein,Protein,Proteome,,
A0A0R4J1Q7,Ectonucleotide pyrophosphatase/phosphodiesterase family member 1 (EC 3.1.4.1) (EC 3.6.1.9) (Alkaline phosphodiesterase I) (Nucleotide diphosphatase) (Nucleotide pyrophosphatase) (Phosphodiesterase I/nucleotide pyrophosphatase 1) (Plasma-cell membrane glycoprotein PC-1),Protein,Proteome,,
A0A0R4J210,"Tumor necrosis factor (TNF-a) (Cachectin) (TNF-alpha) (Tumor necrosis factor ligand superfamily member 2) [Cleaved into: Intracellular domain 1 (ICD1); Intracellular domain 2 (ICD2); C-domain 1; C-domain 2; Tumor necrosis factor, soluble form]",Protein,Proteome,,
A0A0U1RNJ1,Fatty acid synthase (EC 1.1.1.100) (EC 1.3.1.39) (EC 2.3.1.38) (EC 2.3.1.39) (EC 2.3.1.41) (EC 2.3.1.85) (EC 3.1.2.14) (EC 4.2.1.59),Protein,Proteome,,
A0A0U1RNR0,Hormone-sensitive lipase (EC 3.1.1.23) (EC 3.1.1.79) (Monoacylglycerol lipase LIPE) (Retinyl ester hydrolase),Protein,Proteome,,
A0A0U1RPR8,Guanylate cyclase D (EC 4.6.1.2),Protein,Proteome,,
A0A0U1RPX4,Mitogen-activated protein kinase (EC 2.7.11.24),Protein,Proteome,,
A0A0U5J4W4,"Tumor necrosis factor (TNF-a) (Cachectin) (TNF-alpha) (Tumor necrosis factor ligand superfamily member 2) [Cleaved into: Intracellular domain 1 (ICD1); Intracellular domain 2 (ICD2); C-domain 1; C-domain 2; Tumor necrosis factor, soluble form]",Protein,Proteome,,
A0A140LHL5,NAD-dependent protein deacetylase (EC 2.3.1.286),Protein,Proteome,,
A0A140LI88,Ankyrin repeat domain-containing protein 31,Protein,Proteome,,
A0A140LIF8,Immunity-related GTPase family M protein 2 (EC 3.6.5.-) (Interferon-inducible GTPase 2),Protein,Proteome,,
A0A1B0GQX2,Protein TUNAR (pTUNAR) (Beta cell and neural cell-regulin) (BNLN) (Tcl1 upstream neural differentiation-associated RNA),Protein,Proteome,,
A0A1B0GR13,Cylicin-1 (Cylicin I),Protein,Proteome,,
A0A1D5RLD8,Glyceraldehyde-3-phosphate dehydrogenase (EC 1.2.1.12),Protein,Proteome,,
A0A1D9BZF0,Germ cell nuclear acidic protein (Acidic repeat-containing protein) (Germ cell nuclear antigen),Protein,Proteome,,
A0A1L1SSL9,Serine/threonine-protein kinase ATR (EC 2.7.11.1) (Ataxia telangiectasia and Rad3-related protein),Protein,Proteome,,
A0A1V0DNR6,"Phosphatidylinositol 3,4,5-trisphosphate 3-phosphatase and dual-specificity protein phosphatase PTEN (EC 3.1.3.16) (EC 3.1.3.48) (EC 3.1.3.67) (Inositol polyphosphate 3-phosphatase) (Phosphatase and tensin homolog)",Protein,Proteome,,
,,Metabolite,Metabolome,,
,,Metabolite,Metabolome,,
,,Metabolite,Metabolome,,
,,Metabolite,Metabolome,,
,,Metabolite,Metabolome,,
,,Metabolite,Metabolome,,
,,Metabolite,Metabolome,,
,,Metabolite,Metabolome,,
,,Metabolite,Metabolome,,
,,Metabolite,Metabolome,,
,,Metabolite,Metabolome,,
,,Metabolite,Metabolome,,
,,Metabolite,Metabolome,,
,,Metabolite,Metabolome,,
,,Metabolite,Metabolome,,
,,Metabolite,Metabolome,,
,,Metabolite,Metabolome,,
,,Metabolite,Metabolome,,
,,Metabolite,Metabolome,,
,,Metabolite,Metabolome,,
,,Metabolite,Metabolome,,
,,Metabolite,Metabolome,,
,,Metabolite,Metabolome,,
,,Metabolite,Metabolome,,
,,Metabolite,Metabolome,,
,,Metabolite,Metabolome,,
,,Metabolite,Metabolome,,
,,Metabolite,Metabolome,,
,,Metabolite,Metabolome,,
,,Metabolite,Metabolome,,
,,Metabolite,Metabolome,,
,,Metabolite,Metabolome,,
,,Metabolite,Metabolome,,
,,Metabolite,Metabolome,,
,,Metabolite,Metabolome,,
,,Metabolite,Metabolome,,
,,Metabolite,Metabolome,,
,,Metabolite,Metabolome,,
,,Metabolite,Metabolome,,
,,Metabolite,Metabolome,,
,,Metabolite,Metabolome,,
,,Metabolite,Metabolome,,
,,Metabolite,Metabolome,,
,,Metabolite,Metabolome,,
,,Metabolite,Metabolome,,
,,Metabolite,Metabolome,,
,,Metabolite,Metabolome,,
,,Metabolite,Metabolome,,
,,Metabolite,Metabolome,,
,,Metabolite,Metabolome,,
,,Metabolite,Metabolome,,
,,Metabolite,Metabolome,,
,,Metabolite,Metabolome,,
,,Metabolite,Metabolome,,
,,Metabolite,Metabolome,,
,,Metabolite,Metabolome,,
,,Metabolite,Metabolome,,
,,Metabolite,Metabolome,,
,,Metabolite,Metabolome,,
,,Metabolite,Metabolome,,
,,Metabolite,Metabolome,,
,,Metabolite,Metabolome,,
,,Metabolite,Metabolome,,
,,Metabolite,Metabolome,,
,,Metabolite,Metabolome,,
,,Metabolite,Metabolome,,
,,Metabolite,Metabolome,,
,,Metabolite,Metabolome,,
,,Metabolite,Metabolome,,
,,Metabolite,Metabolome,,
,,Metabolite,Metabolome,,
,,Metabolite,Metabolome,,
,,Metabolite,Metabolome,,
,,Metabolite,Metabolome,,
,,Metabolite,Metabolome,,
,,Metabolite,Metabolome,,
,,Metabolite,Metabolome,,
,,Metabolite,Metabolome,,
,,Metabolite,Metabolome,,
,,Metabolite,Metabolome,,
,,Metabolite,Metabolome,,
,,Metabolite,Metabolome,,
,,Metabolite,Metabolome,,
,,Metabolite,Metabolome,,
,,Metabolite,Metabolome,,
,,Metabolite,Metabolome,,
,,Metabolite,Metabolome,,
,,Metabolite,Metabolome,,
,,Metabolite,Metabolome,,
,,Metabolite,Metabolome,,
,,Metabolite,Metabolome,,
,,Metabolite,Metabolome,,
,,Metabolite,Metabolome,,
,,Metabolite,Metabolome,,
,,Metabolite,Metabolome,,
,,Metabolite,Metabolome,,
,,Metabolite,Metabolome,,
,,Metabolite,Metabolome,,
,,Metabolite,Metabolome,,
,,Metabolite,Metabolome,,
,,Metabolite,Metabolome,,
,,Metabolite,Metabolome,,
,,Metabolite,Metabolome,,
,,Metabolite,Metabolome,,
,,Metabolite,Metabolome,,
,,Metabolite,Metabolome,,
,,Metabolite,Metabolome,,
,,Metabolite,Metabolome,,
,,Metabolite,Metabolome,,
,,Metabolite,Metabolome,,
,,Metabolite,Metabolome,,
,,Metabolite,Metabolome,,
,,Metabolite,Metabolome,,
,,Metabolite,Metabolome,,
,,Metabolite,Metabolome,,
,,Metabolite,Metabolome,,
,,Metabolite,Metabolome,,
,,Metabolite,Metabolome,,
,,Metabolite,Metabolome,,
,,Metabolite,Metabolome,,
,,Metabolite,Metabolome,,
,,Metabolite,Metabolome,,
,,Metabolite,Metabolome,,
,,Metabolite,Metabolome,,
,,Metabolite,Metabolome,,
,,Metabolite,Metabolome,,
,,Metabolite,Metabolome,,
,,Metabolite,Metabolome,,
,,Metabolite,Metabolome,,
,,Metabolite,Metabolome,,
,,Metabolite,Metabolome,,
,,Metabolite,Metabolome,,
,,Metabolite,Metabolome,,
,,Metabolite,Metabolome,,
,,Metabolite,Metabolome,,
,,Metabolite,Metabolome,,
,,Metabolite,Metabolome,,
,,Metabolite,Metabolome,,
,,Metabolite,Metabolome,,
,,Metabolite,Metabolome,,
,,Metabolite,Metabolome,,
,,Metabolite,Metabolome,,
,,Metabolite,Metabolome,,
,,Metabolite,Metabolome,,
,,Metabolite,Metabolome,,
,,Metabolite,Metabolome,,
,,Metabolite,Metabolome,,
,,Metabolite,Metabolome,,
,,Metabolite,Metabolome,,
,,Metabolite,Metabolome,,
,,Metabolite,Metabolome,,
,,Metabolite,Metabolome,,
,,Metabolite,Metabolome,,
,,Metabolite,Metabolome,,
,,Metabolite,Metabolome,,
,,Metabolite,Metabolome,,
,,Metabolite,Metabolome,,
,,Metabolite,Metabolome,,
,,Metabolite,Metabolome,,
,,Metabolite,Metabolome,,
,,Metabolite,Metabolome,,
,,Metabolite,Metabolome,,
,,Metabolite,Metabolome,,
,,Metabolite,Metabolome,,
,,Metabolite,Metabolome,,
,,Metabolite,Metabolome,,
,,Metabolite,Metabolome,,
,,Metabolite,Metabolome,,
,,Metabolite,Metabolome,,
,,Metabolite,Metabolome,,
,,Metabolite,Metabolome,,
,,Metabolite,Metabolome,,
,,Metabolite,Metabolome,,
,,Metabolite,Metabolome,,
,,Metabolite,Metabolome,,
,,Metabolite,Metabolome,,
,,Metabolite,Metabolome,,
,,Metabolite,Metabolome,,
,,Metabolite,Metabolome,,
,,Metabolite,Metabolome,,
,,Metabolite,Metabolome,,
,,Metabolite,Metabolome,,
,,Metabolite,Metabolome,,
,,Metabolite,Metabolome,,
,,Metabolite,Metabolome,,
,,Metabolite,Metabolome,,
,,Metabolite,Metabolome,,
,,Metabolite,Metabolome,,
,,Metabolite,Metabolome,,
,,Metabolite,Metabolome,,
,,Metabolite,Metabolome,,
,,Metabolite,Metabolome,,
,,Metabolite,Metabolome,,
,,Metabolite,Metabolome,,
,,Metabolite,Metabolome,,
,,Metabolite,Metabolome,,
,,Metabolite,Metabolome,,
,,Metabolite,Metabolome,,
,,Metabolite,Metabolome,,
,,Metabolite,Metabolome,,
,,Metabolite,Metabolome,,
,,Metabolite,Metabolome,,
,,Metabolite,Metabolome,,
,,Metabolite,Metabolome,,
,,Metabolite,Metabolome,,
,,Metabolite,Metabolome,,
,,Metabolite,Metabolome,,
,,Metabolite,Metabolome,,
,,Metabolite,Metabolome,,
,,Metabolite,Metabolome,,
,,Metabolite,Metabolome,,
,,Metabolite,Metabolome,,
,,Metabolite,Metabolome,,
,,Metabolite,Metabolome,,
,,Metabolite,Metabolome,,
,,Metabolite,Metabolome,,
,,Metabolite,Metabolome,,
,,Metabolite,Metabolome,,
,,Metabolite,Metabolome,,
,,Metabolite,Metabolome,,
,,Metabolite,Metabolome,,
,,Metabolite,Metabolome,,
,,Metabolite,Metabolome,,
,,Metabolite,Metabolome,,
,,Metabolite,Metabolome,,
,,Metabolite,Metabolome,,
,,Metabolite,Metabolome,,
,,Metabolite,Metabolome,,
,,Metabolite,Metabolome,,
,,Metabolite,Metabolome,,
,,Metabolite,Metabolome,,
,,Metabolite,Metabolome,,
,,Metabolite,Metabolome,,
,,Metabolite,Metabolome,,
,,Metabolite,Metabolome,,
,,Metabolite,Metabolome,,
,,Metabolite,Metabolome,,
,,Metabolite,Metabolome,,
,,Metabolite,Metabolome,,
,,Metabolite,Metabolome,,
,,Metabolite,Metabolome,,
,,Metabolite,Metabolome,,
,,Metabolite,Metabolome,,
,,Metabolite,Metabolome,,
,,Metabolite,Metabolome,,
,,Metabolite,Metabolome,,
,,Metabolite,Metabolome,,
,,Metabolite,Metabolome,,
,,Metabolite,Metabolome,,
,,Metabolite,Metabolome,,
,,Metabolite,Metabolome,,
,,Metabolite,Metabolome,,
,,Metabolite,Metabolome,,
,,Metabolite,Metabolome,,
,,Metabolite,Metabolome,,
,,Metabolite,Metabolome,,
,,Metabolite,Metabolome,,
,,Metabolite,Metabolome,,
,,Metabolite,Metabolome,,
,,Metabolite,Metabolome,,
,,Metabolite,Metabolome,,
,,Metabolite,Metabolome,,
,,Metabolite,Metabolome,,
,,Metabolite,Metabolome,,
,,Metabolite,Metabolome,,
,,Metabolite,Metabolome,,
,,Metabolite,Metabolome,,
,,Metabolite,Metabolome,,
,,Metabolite,Metabolome,,
,,Metabolite,Metabolome,,
,,Metabolite,Metabolome,,
,,Metabolite,Metabolome,,
,,Metabolite,Metabolome,,
,,Metabolite,Metabolome,,
,,Metabolite,Metabolome,,
,,Metabolite,Metabolome,,
,,Metabolite,Metabolome,,
,,Metabolite,Metabolome,,
,,Metabolite,Metabolome,,
,,Metabolite,Metabolome,,
,,Metabolite,Metabolome,,
,,Metabolite,Metabolome,,
,,Metabolite,Metabolome,,
,,Metabolite,Metabolome,,
,,Metabolite,Metabolome,,
,,Metabolite,Metabolome,,
,,Metabolite,Metabolome,,
,,Metabolite,Metabolome,,
,,Metabolite,Metabolome,,
,,Metabolite,Metabolome,,
,,Metabolite,Metabolome,,
,,Metabolite,Metabolome,,
,,Metabolite,Metabolome,,
,,Metabolite,Metabolome,,
,,Metabolite,Metabolome,,
,,Metabolite,Metabolome,,
,,Metabolite,Metabolome,,
,,Metabolite,Metabolome,,
,,Metabolite,Metabolome,,
,,Metabolite,Metabolome,,
,,Metabolite,Metabolome,,
,,Metabolite,Metabolome,,
,,Metabolite,Metabolome,,
,,Metabolite,Metabolome,,
,,Metabolite,Metabolome,,
,,Metabolite,Metabolome,,
,,Metabolite,Metabolome,,
,,Metabolite,Metabolome,,
,,Metabolite,Metabolome,,
,,Metabolite,Metabolome,,
,,Metabolite,Metabolome,,
,,Metabolite,Metabolome,,
,,Metabolite,Metabolome,,
,,Metabolite,Metabolome,,
,,Metabolite,Metabolome,,
,,Metabolite,Metabolome,,
,,Metabolite,Metabolome,,
,,Metabolite,Metabolome,,
,,Metabolite,Metabolome,,
,,Metabolite,Metabolome,,
,,Metabolite,Metabolome,,
,,Metabolite,Metabolome,,
,,Metabolite,Metabolome,,
,,Metabolite,Metabolome,,
,,Metabolite,Metabolome,,
,,Metabolite,Metabolome,,
,,Metabolite,Metabolome,,
,,Metabolite,Metabolome,,
,,Metabolite,Metabolome,,
,,Metabolite,Metabolome,,
,,Metabolite,Metabolome,,
,,Metabolite,Metabolome,,
,,Metabolite,Metabolome,,
,,Metabolite,Metabolome,,
,,Metabolite,Metabolome,,
,,Metabolite,Metabolome,,
,,Metabolite,Metabolome,,
,,Metabolite,Metabolome,,
,,Metabolite,Metabolome,,
,,Metabolite,Metabolome,,
,,Metabolite,Metabolome,,
,,Metabolite,Metabolome,,
,,Metabolite,Metabolome,,
,,Metabolite,Metabolome,,
,,Metabolite,Metabolome,,
,,Metabolite,Metabolome,,
,,Metabolite,Metabolome,,
,,Metabolite,Metabolome,,
,,Metabolite,Metabolome,,
,,Metabolite,Metabolome,,
,,Metabolite,Metabolome,,
,,Metabolite,Metabolome,,
,,Metabolite,Metabolome,,
,,Metabolite,Metabolome,,
,,Metabolite,Metabolome,,
,,Metabolite,Metabolome,,
,,Metabolite,Metabolome,,
,,Metabolite,Metabolome,,
,,Metabolite,Metabolome,,
,,Metabolite,Metabolome,,
,,Metabolite,Metabolome,,
,,Metabolite,Metabolome,,
,,Metabolite,Metabolome,,
,,Metabolite,Metabolome,,
,,Metabolite,Metabolome,,
,,Metabolite,Metabolome,,
,,Metabolite,Metabolome,,
,,Metabolite,Metabolome,,
,,Metabolite,Metabolome,,
,,Metabolite,Metabolome,,
,,Metabolite,Metabolome,,
,,Metabolite,Metabolome,,
,,Metabolite,Metabolome,,
,,Metabolite,Metabolome,,
,,Metabolite,Metabolome,,
,,Metabolite,Metabolome,,
,,Metabolite,Metabolome,,
,,Metabolite,Metabolome,,
,,Metabolite,Metabolome,,
,,Metabolite,Metabolome,,
,,Metabolite,Metabolome,,
,,Metabolite,Metabolome,,
,,Metabolite,Metabolome,,
,,Metabolite,Metabolome,,
,,Metabolite,Metabolome,,
,,Metabolite,Metabolome,,
,,Metabolite,Metabolome,,
,,Metabolite,Metabolome,,
,,Metabolite,Metabolome,,
,,Metabolite,Metabolome,,
,,Metabolite,Metabolome,,
,,Metabolite,Metabolome,,
,,Metabolite,Metabolome,,
,,Metabolite,Metabolome,,
,,Metabolite,Metabolome,,
,,Metabolite,Metabolome,,
,,Metabolite,Metabolome,,
,,Metabolite,Metabolome,,
,,Metabolite,Metabolome,,
,,Metabolite,Metabolome,,
,,Metabolite,Metabolome,,
,,Metabolite,Metabolome,,
,,Metabolite,Metabolome,,
,,Metabolite,Metabolome,,
,,Metabolite,Metabolome,,
,,Metabolite,Metabolome,,
,,Metabolite,Metabolome,,
,,Metabolite,Metabolome,,
,,Metabolite,Metabolome,,
,,Metabolite,Metabolome,,
,,Metabolite,Metabolome,,
,,Metabolite,Metabolome,,
,,Metabolite,Metabolome,,
,,Metabolite,Metabolome,,
,,Metabolite,Metabolome,,
,,Metabolite,Metabolome,,
,,Metabolite,Metabolome,,
,,Metabolite,Metabolome,,
,,Metabolite,Metabolome,,
,,Metabolite,Metabolome,,
,,Metabolite,Metabolome,,
,,Metabolite,Metabolome,,
,,Metabolite,Metabolome,,
,,Metabolite,Metabolome,,
,,Metabolite,Metabolome,,
,,Metabolite,Metabolome,,
,,Metabolite,Metabolome,,
,,Metabolite,Metabolome,,
,,Metabolite,Metabolome,,
,,Metabolite,Metabolome,,
,,Metabolite,Metabolome,,
,,Metabolite,Metabolome,,
,,Metabolite,Metabolome,,
,,Metabolite,Metabolome,,
,,Metabolite,Metabolome,,
,,Metabolite,Metabolome,,
,,Metabolite,Metabolome,,
,,Metabolite,Metabolome,,
,,Metabolite,Metabolome,,
,,Metabolite,Metabolome,,
,,Metabolite,Metabolome,,
,,Metabolite,Metabolome,,
,,Metabolite,Metabolome,,
,,Metabolite,Metabolome,,
,,Metabolite,Metabolome,,
,,Metabolite,Metabolome,,
,,Metabolite,Metabolome,,
,,Metabolite,Metabolome,,
,,Metabolite,Metabolome,,
,,Metabolite,Metabolome,,
,,Metabolite,Metabolome,,
,,Metabolite,Metabolome,,
,,Metabolite,Metabolome,,
,,Metabolite,Metabolome,,
,,Metabolite,Metabolome,,
,,Metabolite,Metabolome,,
,,Metabolite,Metabolome,,
,,Metabolite,Metabolome,,
,,Metabolite,Metabolome,,
,,Metabolite,Metabolome,,
,,Metabolite,Metabolome,,
,,Metabolite,Metabolome,,
,,Metabolite,Metabolome,,
,,Metabolite,Metabolome,,
,,Metabolite,Metabolome,,
,,Metabolite,Metabolome,,
,,Metabolite,Metabolome,,
,,Metabolite,Metabolome,,
,,Metabolite,Metabolome,,
,,Metabolite,Metabolome,,
,,Metabolite,Metabolome,,
,,Metabolite,Metabolome,,
,,Metabolite,Metabolome,,
,,Metabolite,Metabolome,,
,,Metabolite,Metabolome,,
,,Metabolite,Metabolome,,
,,Metabolite,Metabolome,,
,,Metabolite,Metabolome,,
,,Metabolite,Metabolome,,
,,Metabolite,Metabolome,,
,,Metabolite,Metabolome,,
,,Metabolite,Metabolome,,
,,Metabolite,Metabolome,,
,,Metabolite,Metabolome,,
,,Metabolite,Metabolome,,
,,Metabolite,Metabolome,,
,,Metabolite,Metabolome,,
