id,0,5,15,30,60
C00668,0.0,1.05,1.38,1.42,1.4
C00002,0.0,0.09,0.13,0.14,0.14
C00085,0.0,0.48,0.79,0.88,0.86
C00354,0.0,0.71,1.35,1.67,1.64
C00665,0.0,1.42,1.85,1.95,1.9
C00031,0.0,-0.82,-1.08,-1.15,-1.12
C00111,0.0,0.11,0.29,0.44,0.51
C00118,0.0,0.08,0.24,0.39,0.46
C00197,0.0,0.05,0.14,0.26,0.34
C00631,0.0,0.04,0.11,0.22,0.29
C00074,0.0,-0.08,-0.22,-0.46,-0.62
C00022,0.0,0.19,0.55,0.89,1.08
C00186,0.0,0.21,0.68,1.24,1.55
C00024,0.0,0.12,0.38,0.64,0.79
C00158,0.0,0.14,0.44,0.77,0.94
C00020,0.0,-0.58,-0.77,-0.83,-0.81
C00004,0.0,0.28,0.51,0.62,0.66
C00005,0.0,0.16,0.38,0.52,0.58
