id,name,log2FC,padj
C00031,D-Glucose,0.92,0.021
C00668,G6P,1.85,0.0
C00085,F6P,0.66,0.081
C00354,"F1,6BP",1.2525,0.011
C00665,"F2,6BP",1.4625,0.007
C00111,DHAP,0.3825,0.189
C00118,G3P,0.34500000000000003,0.231
C00236,"1,3BPG",0.165,0.588
C00197,3PG,0.255,0.336
C00631,2PG,0.21749999999999997,0.418
C00074,PEP,-0.46499999999999997,0.123
C00022,Pyruvate,0.81,0.039
C00186,Lactate,1.1625,0.014
C00024,Acetyl-CoA,0.5925,0.104
C00158,Citrate,0.705,0.053
C00036,Oxaloacetate,-0.41250000000000003,0.158
C00041,L-Alanine,-0.5325,0.104
C00002,ATP,0.10500000000000001,0.71
C00008,ADP,-0.0675,0.811
C00020,AMP,-0.6224999999999999,0.081
C00003,NAD+,-0.135,0.605
C00004,NADH,0.495,0.123
C00006,NADP+,-0.18,0.51
C00005,NADPH,0.43499999999999994,0.142
C00009,Pi,-0.09,0.78
C01236,6-phosphoglucono-lactone,0.4575,0.123
