id,symbol,log2FC,padj
P17710,Hk1,0.055,0.847
O08528,Hk2,0.295,0.507
P06745,Gpi1,0.0225,0.942
P12382,Pfkl,0.2175,0.561
Q9QXD6,Fbp1,-0.2625,0.52
P05064,Aldoa,0.0825,0.743
P17751,Tpi1,0.01,0.982
P16858,Gapdh,0.0375,0.869
P09411,Pgk1,0.065,0.791
Q9DBJ1,Pgam1,0.005,0.99
P17182,Eno1,0.0475,0.84
P53657,Pklr,0.3525,0.411
P06151,Ldha,0.245,0.52
P35486,Pdha1,0.095,0.719
Q00612,G6pdx,0.1775,0.587
Q9Z2V4,Pck1,0.71,0.02
P35576,G6pc,0.55,0.03
Q9WTN3,Srebf1,0.2725,0.5
Q9R1E0,Foxo1,-0.0275,0.918
P49698,Hnf4a,-0.0725,0.8
Q99MZ3,Mlxipl,0.21,0.561
