reaction,pathway
R00299,Glycolysis
R00771,Glycolysis
R00756,Glycolysis
R01070,Glycolysis
R01015,Glycolysis
R01061,Glycolysis
R01512,Glycolysis
R01518,Glycolysis
R00658,Glycolysis
R00200,Glycolysis
R00341,Gluconeogenesis
R00762,Gluconeogenesis
R00303,Gluconeogenesis
R00771,Gluconeogenesis
R01070,Gluconeogenesis
R01015,Gluconeogenesis
R01061,Gluconeogenesis
R01512,Gluconeogenesis
R01518,Gluconeogenesis
R00658,Gluconeogenesis
R00703,Pyruvate fate
R00209,Pyruvate fate
R00835,Pentose phosphate pathway
