;Method;PubChem;0h_01;0h_02;0h_03;0h_04;0h_05;0h_06;05h_01;05h_02;05h_03;05h_04;05h_05;05h_06;1h_01;1h_02;1h_03;1h_04;1h_05;1h_06;2h_01;2h_02;2h_03;2h_04;2h_05;2h_06;4h_01;4h_02;4h_03;4h_04;4h_05;4h_06;8h_01;8h_02;8h_03;8h_04;8h_05;8h_06;24h_01;24h_02;24h_03;24h_04;24h_05;24h_06;Name
0;RP;51;15814,02722;14963,04121;17480,66103;21130,31853;26036,67106;17427,85773;18020,65681;14403,44283;14708,12074;19750,4649;21912,43582;19324,45359;9815,221956;11311,64955;11064,34147;10447,95592;12033,1385;10657,95158;9348,419543;10354,89801;9977,140072;11709,67658;13910,64968;12769,85023;5384,742185;7406,029985;7169,08325;7693,412705;7608,416474;9969,644029;8045,446049;12092,31453;8431,890407;10765,28905;12644,56941;11283,51835;8327,202525;7951,513818;7424,616342;9136,72712;7249,273449;7821,184522;2-ketoglutaric acid
1;HILIC;70;11299,32786;13678,30583;10064,64241;11963,30343;17755,05918;13199,83529;14503,81598;11555,04133;13951,52726;13760,63264;11289,60776;15973,04294;10452,70133;10454,09488;9805,528741;10106,53242;9673,833572;12182,77107;8429,460204;10953,2432;12050,71956;7100,781647;10246,92039;15529,8697;6947,823706;7660,613792;8559,80688;6388,295653;5189,40433;7535,348779;8254,564492;8996,116279;10683,28165;13504,52821;9876,210308;4872,796829;14623,36416;18259,80603;11541,07641;10745,85807;16541,36865;10402,30126;4-methyl-2-oxopentanoic acid
2;GC;87;4412356,499;5551382,409;1018264,29;4310076,289;4376974,504;2287049,053;2985074,681;2003933,599;2216940,034;52319182,6;3160083,762;1383646,965;1434622,297;0;0;809826,2991;6135237,457;670421,5415;812728,0503;15748,28897;924156,5457;783780,5622;446326,2776;640785,5558;348807,101;725594,5203;613467,3646;301737,258;0;466560,9537;1255165,14;1422394,021;0;1385773,985;1309000,328;254476,4371;421267,442;1646820,917;543885,6744;0;1711313,764;728065,6882;3-hydroxyisobutyric acid
3;GC;96;28557410,46;15307302,78;18755274;23982498,45;25041714,55;15301507,62;18333175,83;15445034,48;16691181,87;483675,676;9672550,797;8830228,147;11618392,52;7939357,146;8510243,011;10960457,45;3888236,751;8871190,89;5966233,212;3674326,124;6528029,985;6295078,051;6317986,437;5264982,842;1919122,761;1873934,938;2099520,74;2340947,996;1693457,96;2371725,267;2723379,699;3020070,22;1632845,564;3181672,724;3163316,986;2560340,749;2299664,756;2959466,127;2130253,374;2334545,597;2759184,367;2628408,165;acetoacetic acid
4;HILIC;111;328,2335235;732,9011305;630,1109442;275,6138257;552,1203175;770,2720124;683,7431472;727,9042005;631,0841463;444,2352297;700,0968742;869,1566251;793,381215;393,0606562;448,4752469;443,7638849;233,9871009;311,9856916;557,0370553;109,7190843;86,21222798;81,97522206;20,14658738;652,0287596;0;0;0;0;0;0;25,13722776;275,7563829;98,70024541;0;0;0;180,9177357;179,9276154;173,7933899;0;0;174,6408919;3-ureidopropionic acid
5;RP;119;9125,308545;8000,987716;7014,735535;7638,130418;8229,463177;8101,425895;9051,343318;9601,055733;7677,604048;10255,79696;9312,599084;8852,755793;7504,079577;8105,786861;6736,202133;10969,68238;7025,329192;13779,9778;9031,747603;13548,62188;11509,55767;9537,452391;8626,947521;7176,837782;7654,684468;9904,820806;7329,023428;5381,518763;7512,601528;9336,958813;8886,910125;13102,89381;6646,727124;11712,99552;11211,24484;11182,31231;6468,872018;6184,964057;6992,443127;11295,87358;5536,788151;9333,811678;4-aminobutyric acid
6;HILIC;137;488877,2682;168233,163;194238,3495;433332,9027;730474,1624;236083,9749;370615,2199;406610,0187;695973693,6;561922,2556;310633,1385;186096,9952;0;458528,1459;237835,595;0;171820,8176;215931,3998;0;481603660,8;38371,12587;0;69372,43784;185218746,4;0;298508,7038;59145,64954;0;0;0;0;9602,848158;0;347393472,7;0;0;0;0;374279280,5;0;45219,0563;0;5-aminolevulinic acid
7;HILIC;144;171,4111719;146,9683209;148,7420573;64,04060518;169,3892868;158,8486519;65,67706812;26,24033703;146,8887419;152,4741772;63,08757227;114,0198228;21,37134562;123,0364165;173,3770657;150,8323263;118,5716146;105,9496498;84,27385044;188,2963786;104,3769015;83,93223294;103,3548407;187,2605062;16,44828421;49,50909399;82,35295204;223,4189276;18,43990496;125,4329688;93,65035176;109,2626245;106,8120649;63,69873863;120,38282;152,2550118;85,56689585;150,500786;201,1694891;133,3272888;172,2403562;127,5438614;5-hydroxytryptophan
8;RP;149;17957,80816;28829,58249;21556,04106;16427,00059;15591,20378;18215,8549;14979,87033;18829,73154;14672,95322;19267,50788;17648,95983;18522,28669;32187,44842;19488,04452;21054,16387;18057,27041;18099,43593;13250,35275;27433,34065;23336,5539;17476,32075;26068,54444;17648,36909;20462,00453;14726,42034;12664,65756;12018,41249;12644,46896;11441,02472;15985,9177;19396,57156;14623,02065;14876,83097;15933,06658;12936,0022;17295,3266;9460,231611;14081,69136;13847,21663;14284,94601;11347,89073;0;2-(6-aminopurin-9-yl)-5-(methylsulfanylmethyl)oxolane-3,4-diol
9;HILIC;190;480,7041232;533,9152397;540,1103385;549,8425953;369,8653659;338,0416388;436,00534;555,686347;445,3923793;436,1029598;365,5347942;570,7554998;1436,076499;1768,205995;2519,90102;753,9778627;666,3974246;1138,06737;1803,139139;732,6941054;1002,949494;624,4733661;1498,879167;1012,019133;3777,170675;2468,361576;2207,899871;;2153,09104;2552,352633;374,4836974;882,927672;2011,981303;526,3027766;527,12946;481,1716724;334,0664178;285,9825751;217,0075904;360,6182293;416,4534287;449,629068;adenine
10;HILIC;239;1756447,965;1827910,934;1921649,908;2481296,822;2543174,273;1963368,359;2647042,078;0;2150564777;2774696,499;2110743,534;2898640,718;1933390,772;2395172,955;2296567,309;2106869,257;2448695,264;2967749,872;2183859,592;2660769,158;2767596,272;2361719,668;2676004,866;2321902716;2246005,892;0;0;2299629,853;0;3325471,2;0;3331859,081;0;2828274369;3152775,471;2587383,866;2819734,116;3571894,481;3027724,467;3493358,326;3720815,637;2999679,249;beta-alanine
11;RP;247;3998,329259;3667,621423;4340,316534;3984,296567;3353,870574;4696,763628;5006,042968;4817,833897;4544,596223;5662,088405;4213,200185;2487,257806;4394,091844;4039,740855;4575,740414;5043,886076;4524,001758;4277,563578;3824,50878;3670,678292;4127,898412;4771,868634;5080,721339;4295,830539;3123,960391;2830,537349;4264,741145;2924,521508;4716,209802;4693,585238;5956,421272;6253,461214;3618,331272;5587,908789;5030,248705;6947,21252;4350,059305;4439,102006;4472,373179;5487,538858;4347,95363;3621,421609;betaine
12;RP;311;692515,6207;508826,3103;552479,5546;697083,3657;685223,767;627410,7568;432935,8535;452422,9753;412060,7959;565035,2239;559571,9288;429431,2232;385023,6036;448243,3924;414348,925;390379,7432;402190,5115;281964,0398;401961,9969;240747,3856;349469,4329;484823,6742;393869,4926;303445,8538;217512,0712;176203,5668;245073,6454;211605,3811;199183,7872;330767,4926;293437,9366;295469,6465;299036,2241;344382,2542;428566,8423;422099,0192;193525,4911;225303,6462;166280,9263;230311,4687;213842,7854;159914,7568;citric acid
13;GC;379;10069357,12;7329811,587;2298199,917;7599697,305;6935652,201;4676055,268;6520645,156;4215963,271;5307143,566;0;3125912,676;2195179,426;2351155,654;0;1084874,557;2321165,401;7316482,519;1639858,817;811161,6589;274574,3491;2511238,908;3420368,245;2391038,373;1687817,642;2565881,784;1870599,108;1740705,436;2458282,353;631778,9498;2841021,812;3186892,426;3063638,7;0;3492223,702;3718566,438;577893,5123;0;1856429,119;0;0;1929739,042;792932,9756;octanoic acid
14;HILIC;500;184875,8588;155637,1751;293210,0408;101266,1945;120740,6854;169948,7657;182823,3197;144170,164;204300692,2;375377,4678;236972,1337;245132,9033;248255,9251;260168,0728;252816,2669;202919,7278;331736,8373;312660,0921;451552,0817;408205473,5;369173,8262;623026,4317;303164,0782;335533035,7;439576,3786;326900,7517;0;266562,7136;628347,5191;503527,8948;528559,6075;0;351076,0978;511057625;594525,5772;687707,6497;271717,9548;409587,3665;241478,7535;491849,1613;252221,6855;306254,1607;4-guanidinobutyric acid
15;RP;586;32636,55371;27262,45411;29607,26044;35816,69645;35575,34278;38369,57818;29232,64642;32315,81177;29176,62444;37151,08347;36155,3766;30071,93968;27566,22776;33322,79412;29457,09627;29488,97534;33432,80088;27853,77902;33344,61602;40201,72983;39909,52555;44021,22221;38348,96286;31778,07685;21496,81012;16326,71972;25671,25174;23142,8058;24388,54712;26807,22023;30537,91235;36973,22541;30859,32887;45129,05181;45931,7305;39927,69068;18464,1128;22628,03997;23152,86858;24408,87277;21253,36387;18534,20595;creatine
16;SP;668;5067,981087;3774,631821;3754,111739;4825,32275;4607,65658;3134,550063;2868,150797;2939,188522;3108,667766;3056,462013;2535,08808;2542,655375;3019,814965;3529,237404;3390,372937;3137,187793;2869,061448;3194,896611;5000,748225;4340,689937;4022,760703;3591,243204;3572,593894;3107,170915;2083,436382;3171,836286;3113,45235;2961,624037;3545,379593;3719,11247;3184,193812;3845,45843;5225,905196;4111,940357;4647,147104;4122,4634;4855,17062;4918,693056;4311,21127;4867,058541;8271,592718;4994,491244;dihydroxyacetone phosphate
17;SP;724;92,10147348;113,940638;88,43099043;80,27890989;83,28628641;91,77359833;45,02988072;47,36336503;60,27816765;59,97307787;57,85003692;60,63555326;65,85985724;66,34645598;70,70627513;63,67459031;49,65412896;64,50131251;49,39424231;74,33952989;69,80141371;69,5820799;102,8893789;84,48972276;116,0444054;100,5310734;96,20554655;114,0083174;87,3399909;135,3716071;72,6248887;71,09234236;167,3707607;78,13698313;68,74858628;72,72271756;96,58692631;117,5872702;106,0610127;133,0166328;211,5917285;81,79586742;3-phosphoglycerate
18;GC;750;2740498896;1972345311;1477751314;2295772722;580560510,1;538798861;1961816106;1648847850;1804092084;0;1696399397;1565509876;1578716600;47262008,75;1042450207;979360719,5;2377897829;1254551499;252275749,8;383322282,2;1379225918;1351642061;1248366018;1721144487;808251565;76687065,65;797586270,7;932230690,8;646360855,3;1032537315;1272514706;1304694052;165980851;1421162851;1342491766;991641258,7;296484924,3;978923765,4;824356852,8;647092219,8;1014623363;885637349,8;glycine
19;RP;802;4481,921455;4547,846907;1161,471403;1003,109761;9786,540719;9843,811395;9053,84794;10427,53298;7901,06297;3733,756409;4878,036736;2598,350303;2398,912584;8545,975624;7905,592997;4914,829224;3792,631198;3688,842567;3636,601163;5497,867143;5446,753229;1561,708488;3716,008244;5373,472656;2498,242114;1826,191226;1743,636146;2652,448926;992,8553123;2372,542103;5277,089669;4116,933022;3823,74942;4851,256501;3270,590468;2927,923252;4879,473978;5898,658857;3725,817415;3777,969058;4561,435624;3676,977414;indole-3-acetic acid
20;HILIC;811;534,3826379;784,2534092;2430,843175;434,8595882;69,88658036;2621,853179;366,5108735;2292,852438;486,8929941;1852,614422;2813,60782;506,4394562;2024,09514;989,2911147;1760,007691;585,4826054;414,0462258;407,8846462;1419,508764;541,9871887;272,0990944;1590,744535;0;0;803,147981;0;24,42690606;0;657,4491855;305,9225721;92,83790165;0;110,3792686;122,7627484;124,3685052;128,3762406;180,7387931;109,9316893;0;805,9100333;283,8315343;256,0334287;itaconic acid
21;HILIC;846;721711,7769;1419121,021;0;1302649,716;1548352,997;1398834,361;1371884,567;0;1620362574;2194529,763;1695288,962;1991958,875;1500748,404;1461343,64;1427376,131;1300046,82;1411239,895;0;1275779,28;875952464,2;0;1416989,994;0;1485082233;786532,6104;733876,6773;1200565,223;591383,3339;822505,7032;1121257,567;1138822,938;1075233,665;1032417,119;1262324,296;1128207,517;1065508,296;793908,2078;978925,5837;911394,1438;856784,1592;958491,3697;598067,99;kynurenine
22;HILIC;873;697,7968251;450,0650991;978,0242222;1192,187468;288,1678264;221,1123254;329,1431483;904,8029645;174,6331357;262,4603751;463,5006968;508,5861546;239,392805;677,1766418;63,53224099;1127,008781;268,0741784;507,2217729;942,2057008;234,7727986;274,484694;642,8633681;291,832104;237,9667385;1428,027191;296,9290671;196,3874991;201,3227519;576,2496176;874,5191152;124,2765958;312,010331;282,5394652;324,7034761;249,6787087;774,2077287;572,8816325;217,6984739;117,8420451;1071,170036;168,5023531;198,8275592;3-(2-hydroxyphenyl)propanoic acid
23;HILIC;896;339646,6813;409036,7322;0;875111,8608;561248,2619;460219,6978;563494,6891;362010,5717;1000416115;658374,9973;534006,5162;768544,2334;284940,7384;446164,1836;0;323813,3728;675056,1989;0;11656,55562;1048927766;791259,7184;646373,4785;749709,0391;1064055086;15495,26858;1205936,299;648207,0773;508140,6927;469363,5761;603304,9489;501520,624;807514,5938;568607,8497;1237352024;0;640065,9866;0;677444,7989;481324,8355;361634,5026;488880,0549;638626,8458;melatonin
24;HILIC;903;687,3307698;519,1649013;609,5129759;716,9385107;797,4298131;519,5478538;521,529644;392,5702631;687,5807153;564,6775704;323,7850497;690,1526182;768,1412488;645,1372062;633,2430075;635,3282214;666,986441;382,4409877;751,391268;867,6517406;715,1069348;388,2732187;489,7563442;589,2000959;663,6887394;194,0500839;589,9770002;751,5407257;596,3181919;549,9730121;571,5483267;474,7622092;396,1005296;575,9915508;488,3457945;373,0174569;544,4607194;587,490448;582,7977655;617,7069428;433,6668997;524,6680442;n-acetyl-5-hydroxytryptamine
25;HILIC;910;599577,5695;625113,1082;634913,1614;719789,2552;885821,6203;699016,9254;694444,7138;644387,2944;643671,6916;1036452,807;619175,4486;710887,3462;752251,4519;685874,6392;584152,5976;473765,4899;736842,9243;405190,8063;599839,2658;351326098,6;641086,1207;668815,5446;645546,7412;841393853,1;350971,72;0;552156,5808;454504,9089;345131,9322;506088,1634;538304,8334;446712,0318;0;633106764,9;595644,6501;453709,9912;314665,9776;471303,4137;370181,1867;371829,6479;547615,4002;0;n-formylkynurenine
26;HILIC;938;1584839,808;1946822,816;3259367,255;3069785,302;3488483,259;3218915,131;1769328,718;0;2192953859;569556,7456;3953223,604;3291550,714;3133150,147;2243985,798;0;2085839,141;1164412,447;310348,1548;2596668,012;346376067,8;3044003,744;3749820,284;2903865,919;3425194795;2321349,992;2103000,102;0;685675,3937;0;0;3100234,308;250940,8628;2756764,57;3414105,57;0;2813701,243;2935771,167;3246759,011;2134591,288;3952377,399;1389165,665;501326,739;nicotinic acid
27;HILIC;967;0;0;0;0;29,29716377;0;0;0;146,8860067;11,96357052;67,02842154;151,2068036;167,4969828;0;419,9879547;0;348,2279017;0;69,8602508;0;0;0;0;0;429,2108026;0;116,8242564;0;0;118,0109476;91,82750069;0;100,5488894;3,498346689;185,1219947;0;0;0;0;0;323,6016713;91,94228277;orotic acid
28;HILIC;985;705454,0509;336364,6344;223741,0265;201096,4456;84444,35755;112126,138;688868,9368;530107,674;402547,8846;303164,843;327619,7801;265979,8405;486556,844;354434,337;422178,5595;486349,0542;414433,41;315281,4366;485929,524;221664,9449;229319,365;269557,5411;329573,3991;240488,3715;698752,0492;558140,2166;386983,6558;343816,6448;328041,7589;196863,2193;204610,2805;192970,6808;64040,4543;145295,9152;193949,0484;113443,2093;425004,9029;129760,0274;103365,3312;107218,1836;207340,4543;144562,8532;palmitic acid
29;RP;1005;3469,60461;2864,035155;1896,937292;3941,76166;3238,456113;2677,82701;2476,005434;2418,856218;2320,1871;2611,172574;2628,301001;3243,597916;2415,761993;2129,567672;2396,112113;2957,728664;2342,461929;4400,98041;3593,346867;4926,198179;2510,227572;3349,252961;3078,45386;2423,294117;1922,982193;3153,773789;2685,113333;2531,880326;2462,798989;3175,070592;3487,671814;3520,727803;2119,997018;3423,640897;3082,859346;4092,161079;4080,200929;4391,895652;3373,739293;3704,298356;2635,592884;2777,695361;phosphoenolpyruvate
30;RP;1015;6036,615181;4977,728925;5372,470969;7918,89527;6150,056098;5725,354018;4807,379339;6436,648905;4185,664166;6418,669604;5615,852775;5428,2173;4042,121445;5423,682712;4140,911956;5602,805077;5375,939844;7833,056131;6084,939279;7100,201131;6978,007515;6946,815979;6449,997549;6684,735393;3546,049732;7603,140847;4768,098939;4678,784481;5598,076953;6237,577557;6902,254321;7811,614813;6354,441323;8802,182798;8046,374725;7357,487931;5519,391298;5966,695207;6544,337259;8848,027687;6153,431447;7011,373034;2-aminoethyl dihydrogen phosphate
31;HILIC;1052;318455,9528;201386,4462;262661,629;377789,2415;260183,7157;78754,63766;218947,3566;;327906183,3;840907,2317;;292624,0763;190035,9953;45357,13203;123689,3609;399213,7371;484216,6376;0;196022,6234;226468447,4;201927,6134;202751,7935;344678,6186;335639496,9;34652,20164;615337,6022;114802,1768;89369,91141;;247234,2982;229889,796;339911,5433;0;422942004,5;505434,2345;418073,3664;451172,1099;397970,7181;374352,944;265159,32;458836,7834;433734,1701;pyridoxamine
32;GC;1060;22651771,52;20666877,51;0;60029445,93;73085258;25732430,54;31962621,22;59311695,72;37901758,57;0;5618933,156;51706712,99;28394824,74;0;0;0;0;0;0;0;0;0;0;4544868,169;0;4828049,931;0;0;0;0;0;0;0;0;0;0;0;0;0;0;0;0;pyruvic acid
33;GC;1110;21201458,23;18838617,82;9185497,849;18808723,8;14055454,08;12737240,76;16500539,93;13074441,8;17456080,42;0;14670056,85;12518179,08;12133805,37;3287284,55;7239846,754;10615745,47;15214431,52;9685485,337;5025786,413;3222088,45;7444094,327;7720197,346;6230069,178;9103296,898;2728194,531;1675924,733;4149564,52;4431947,386;999176,6558;3878876,824;7346488,917;6630962,583;1244450,111;8419014,285;9508520,609;3523841,772;1525213,236;4700270,878;2919138,545;1273721,681;6434935,372;2694969,702;succinic acid
34;RP;1123;132528,0585;104112,6555;117334,7244;149411,1338;132896,0661;151308,3186;106772,3085;117403,1793;114057,9018;149762,3465;147900,2047;141350,2173;101581,0259;106034,1545;96577,90725;133829,4173;118055,4284;152733,0242;129001,0142;154992,1702;164396,1197;159574,1631;140945,2163;114471,3884;92584,70169;133520,3953;123576,2604;111609,3039;121931,8306;140903,7088;137006,8835;195226,0663;100871,2516;177092,0639;157547,2468;221442,5725;130530,0762;117835,7118;109350,2091;171158,5731;120093,2806;133031,9366;taurine
35;HILIC;1167;8081,449036;12380,78799;11844,34089;14242,79059;15847,55919;16372,2975;9650,632904;16692,36324;12599,6304;17255,33822;18022,05903;479747,2142;17420,79503;588257,1014;7609,77461;532265,4715;10069,71144;550714,4185;18055,62145;587185,6844;7714,055081;14833,74142;424589,2601;12726,38848;6936,489487;286822,1528;4791,818058;5471,073351;6511,395834;7472,803517;7444,152116;404288,0528;8348,446366;12392,19073;5879,007345;7896,032368;4804,448732;4098,762984;287050,9581;3582,168203;3876,686714;213527,9228;uridine diphosphate-n-acetylgalactosamine
36;RP;1175;156226,6992;160812,7118;147755,2428;159146,3046;186372,5991;174708,4229;112689,6613;100731,7417;111093,7258;104810,553;148651,7948;130323,3037;84588,37472;96791,40894;87571,54404;100613,6354;85276,15381;81598,36917;61425,2931;57551,02035;67164,18816;40081,89633;66992,20609;68549,04029;35128,92676;30107,65901;41921,73814;32072,34328;41955,14182;48040,46828;34622,31573;35999,74393;35175,56991;37118,95835;37313,18587;41956,53787;33374,68606;41039,8252;28008,24927;33190,27198;35839,25321;29393,52012;uric acid
37;HILIC;1188;287,2039499;662,909263;359,9896986;362,9821777;312,6994284;393,566005;4,311718212;190,8716811;251,795005;110,1951848;271,5129273;563,4239068;6,700347138;0;223,0905961;0;0;134,7564467;0;0;0;0;0;0;21,45382227;362,0361158;132,8409822;0;224,2129309;380,7970048;0;0;0;0;0;0;0;0;0;0;0;0;xanthine
38;RP;1826;5521,142897;4834,427652;5494,189552;5137,775714;3896,469108;5807,287531;4835,442173;5239,305781;4449,940083;5842,730121;5716,368536;4321,622826;6024,187584;4913,353882;5230,415967;3901,439756;4853,564664;2889,489095;6632,517841;3549,049307;3876,456127;4901,679611;3931,446328;5479,291306;3636,22015;1771,944518;2813,065475;3181,654923;4375,549213;3031,45493;4188,57953;3783,559913;3925,509312;4377,501303;5582,323906;5797,387324;2829,195927;3847,243474;2509,392862;3647,371707;2317,984439;2322,438644;5-hydroxyindole-3-acetic acid
39;HILIC;2969;3143,135719;7167,569504;4479,27734;4972,366441;0;0;4273,984423;9103,018359;2934,847807;0;0;1899,228238;0;0;1601,706869;3526,385475;0;0;1013,399213;1079,04336;2175,050536;0;1461,909928;2704,956824;1631,416323;0;0;545,8102625;0;516,8958154;735,5410942;1722,060534;0;2384,351969;965,5727633;0;1163,803659;0;0;0;8036,65307;2913,531135;decanoic acid
40;RP;3845;4635,126656;3805,548892;3062,073837;3195,340497;2567,948099;5066,290315;3644,285186;8188,107638;3346,532302;4651,649542;6828,352697;3647,91856;5377,254148;5253,759855;6473,812871;4009,557139;1941,849625;3717,418806;4510,407552;3925,837165;2772,168022;5570,269183;3170,239419;3382,017477;2530,057718;2598,90006;974,0490823;4176,788801;946,60701;3824,841547;3201,770529;2266,927005;2146,828342;4249,290988;3626,728683;3712,247302;1701,638374;2496,743672;2141,419524;2998,874909;1258,786938;1400,645997;kynurenic acid
41;HILIC;5202;5191521,696;4658793,488;5022504,173;6697093,247;7308034,158;0;2650414,793;4787446,599;6429924536;8738817,324;6746173,153;8247145,37;5200418,232;5933412,589;5860857,123;5257883,714;5537109,919;6305615,434;5864132,49;6622738868;7053872,026;6433297,789;0;6551422966;5512791,132;6874694,586;8438232,829;5581903,131;5898509,116;7567403,673;6166529,734;8145325,121;6407998,969;8276764880;7533872,125;6768162,605;6053244,391;0;6565309,828;6960263,086;7206558,127;6866946,704;serotonin
42;HILIC;5281;330369,0077;173622,4227;90144,33196;80139,62558;39252,06695;61016,78084;256116,1113;203418,772;139841,1124;103158,7068;143784,6969;85496,80407;279462,5704;146397,0944;166303,2621;211811,5286;159230,4026;107423,6769;376707,8976;121399,0557;109777,8536;140052,3759;149504,7116;115320,922;348172,4845;151851,1196;102215,4378;115968,3422;84933,98765;70861,80472;104576,3668;84131,22932;35286,82964;101310,8648;93814,4475;79401,93678;216245,8306;68830,41805;59931,40941;76722,23507;129427,0669;82952,24211;stearic acid
43;HILIC;5610;340960,6996;450804,2717;384054,3128;0;279479,3693;1156527,534;724101,3295;827926,7306;849464218,8;1574033,344;906742,9458;715685,4136;0;908969,5955;1437084,349;770487,5063;534857,8948;154576,5315;235173,8203;491280788,8;426468,315;896507,7254;0;438972677,3;558667,9886;0;663310,0337;0;903225,2015;978208,0768;343067,8759;59397,10672;657089,8255;1437377042;648116,42;719929,1081;199319,5574;376612,2159;0;589585,2104;635126,2456;238639,8402;tyramine
44;HILIC;5699;0;72,12111865;117,0009753;0;0;213,5802506;0;50,38447293;0;0;0;42,76636464;169,8972551;134,1573343;0;0;0;0;0;0;4,889664815;162,2877445;0;0;283,1032313;0;0;0;9,993716764;223,6373979;83,44991179;0;0;0;0;0;0;0;0;508,0575175;0;0;xanthurenic acid
45;HILIC;5789;641,515536;642,4572838;728,2152748;841,7195619;674,9111609;680,4796251;750,6191789;594,120601;487,6185414;950,6165665;902,6808049;687,9269125;928,7296834;780,5023797;697,527166;708,4592707;690,8226847;859,9261022;699,1037459;584,0623788;694,9853571;552,9341589;713,1706728;741,139228;312,8844602;654,6831191;362,9269265;296,0378003;511,9897399;593,1762659;369,386846;682,326271;463,0204334;705,9476892;545,34171;438,5858094;343,8516906;357,3668328;378,2188181;323,1805413;487,4114204;418,8989178;thymidine
46;HILIC;5793;8606,200297;37577,95904;18720,11298;3842,578625;21709,00231;33722,02353;29967,78728;25856,71191;37308,27445;6831,908162;27449,31333;37008,21912;39593,96186;9535,081194;18715,84422;16604,45609;3842,578625;21719,40226;11171,53921;0;0;0;0;30252,52946;0;0;0;0;0;0;0;0;0;0;0;0;5344,719485;10758,87736;5277,508675;0;0;1789,368552;d-glc
47;HILIC;5862;0;85,66622042;0;0;0;58,99159804;0;133,8693646;48,55143178;34,78423705;29,81940563;0;35,26615008;279,5555233;151,7215338;25,87582118;0;0;299,11588;0;0;221,6114102;0;0;0;0;0;0;0;39,11022324;0;0;13,55211977;186,4207502;43,24437398;129,8566618;0;0;;0;0;0;l-cysteine
48;HILIC;5892;142151,3634;140802,6292;145358,1033;129765,9471;132032,0749;135141,975;127521,8523;140893,0908;127848,9269;145657,9029;137707,888;121847,8201;147858,639;155063,2942;136940,1105;136721,9919;130806,6152;79135,89754;176640,2962;126399,0796;135552,0618;151211,1437;126058,8666;118807,7597;104776,3971;87382,37278;100098,3756;97925,21931;84173,34545;104454,7818;114349,7339;116693,4448;120504,0008;127840,0047;126900,7885;122033,3878;96512,59811;100139,1388;57809,4772;106675,8392;96018,56665;89596,15768;nadide
49;RP;5893;47697,19502;44351,76873;54258,77276;65592,02242;65200,68137;66119,91674;46734,36041;49845,92173;50087,66601;61012,31477;69895,86181;57463,29038;44826,48886;46041,995;50348,502;48664,03413;56480,96696;42985,89771;42313,79041;48538,6086;52957,81307;66149,18713;59997,08259;49523,03306;28817,03503;29338,12259;40435,30128;36958,58856;37572,59897;42171,88769;43390,49624;58775,91805;47445,94782;57797,46045;63917,07002;63993,44776;40141,11868;41695,04524;39056,57084;40263,57221;38969,43906;35623,75174;nicotinamide adenine dinucleotide
50;HILIC;5950;1700372,342;1860649,892;1934908,552;2384787,083;2439334,522;1912539,474;0;1762167,243;2193144937;2765941,63;2078037,672;2921009,757;1958961,565;2435063,896;2312934,878;2042570,711;2467203,68;2859831,865;2144896,855;2611301960;2836599,75;2254949,409;2745231,375;2367875707;2285649,664;3336302,53;3208961,827;2227591,99;2725969,663;3401399,52;0;3421965,38;2552681,26;2906111670;0;2581671,952;3231124,952;3027131,64;2565787,719;3172858,051;0;3361796,958;l-alanine
51;RP;5951;5216,582154;4783,293118;4391,449431;8593,081227;7430,112056;7343,196819;4782,576668;5333,395005;6305,102433;5100,719873;3074,460678;6442,072516;3719,167317;3531,654572;3892,65203;4524,439225;5391,27805;5986,434743;3484,800437;4404,495819;3477,044033;3799,165106;5593,632219;4595,995132;2603,739541;2472,822556;2979,511041;2107,865411;2585,568864;3028,748679;3038,214835;3241,294163;2026,108482;3276,54506;2484,152422;2935,906774;1717,039978;0;2081,902132;2760,356964;2683,02009;2806,501419;l-serine
52;HILIC;5957;4868,025196;5623,032447;5898,394204;5118,518409;6324,818099;6870,885367;4331,309696;5007,246972;5206,701339;7780,597211;8647,478773;59683,46268;6691,513938;48569,00206;5534,140995;48379,09212;4119,477015;6853,343075;10496,5584;48709,65729;7068,730464;9811,188292;7786,705144;6781,908903;8638,003927;5959,567462;5949,517493;5676,762522;6340,635316;8533,850069;7429,517883;5690,60076;7721,229375;8026,408833;7395,013133;7348,841438;4761,442104;6290,052847;7419,495218;7626,710352;6438,242996;6095,340133;adenosine triphosphate
53;SP;5958;9698,431619;15032,2926;13675,79648;13291,98899;18927,9144;13847,14396;8531,212171;10235,20825;13561,6264;9857,69488;16535,85386;17695,9902;7263,940049;7975,785989;8253,467318;8193,338084;7339,093622;7172,63432;7287,036439;8339,579696;7253,357047;6955,506483;8991,330122;8925,877766;10016,78655;12080,44521;9243,424372;8756,459436;9658,845552;7894,377027;6027,887962;8085,735233;9254,651785;10614,57663;10245,84511;8104,084597;16388,20138;17912,26849;18069,03021;17137,02792;16264,07943;23013,76272;glucose 6-phosphate
54;RP;5960;309941,4919;241535,469;286143,9721;354531,4347;298747,8923;337074,3315;228787,0205;266717,1325;252588,6517;317882,2286;278392,4305;306550,6238;215380,959;216997,101;224009,6358;294347,3695;257737,1096;345619,7813;212767,2854;242297,1759;291753,1224;310800,521;240532,6875;203385,5684;148370,9498;154519,1495;158186,8429;156016,843;156113,0582;207908,5604;195906,9358;274237,7584;137103,6771;238725,1977;219841,7201;320836,7544;169960,6157;157291,5795;171477,0978;240189,3203;150615,481;186691,4909;l-aspartic acid
55;RP;5961;180090,9092;138992,0794;139281,5166;204280,1151;172136,3752;172246,1976;138112,309;144884,4878;140306,6488;144583,4014;129524,9916;163288,7053;123481,1101;124562,74;113279,1142;145655,5108;159880,55;184973,3954;124841,3159;160194,799;133564,0492;136050,4121;128381,3648;109994,6492;62287,89464;95017,1387;89413,39209;71843,31059;84059,30858;102488,9663;72769,43361;91435,66126;51534,36668;88248,92489;78735,36146;92368,25715;58708,78417;52794,31376;55701,1496;63659,32008;42261,48841;47540,78066;l-glutamine
56;GC;5962;1942777,53;6463037,808;1874308,285;2607906,88;2142582,029;1385947,547;2211193,632;2292362,871;2122731,1;64328,81041;4268689,797;6112773,198;1992608,742;499027,2969;1382007,716;620072,3616;3378967,085;624199,7839;132262,6722;1918222,085;447186,0943;375814,0191;239780,0103;1071093,807;104565,5956;0;290833,0398;0;0;0;258596,7801;404705,3709;256046,6545;311566,8432;241468,2676;0;105925,2915;401946,8995;379837,4835;0;410576,7469;276267,9659;l-lysine
57;HILIC;6022;2549,253427;2289,823206;1763,23981;2637,490358;2810,027296;2040,992116;2446,421718;1524,775984;2306,66744;2937,915903;2612,295235;3145,879357;2138,622995;2780,306471;2049,374729;2701,025885;2595,863633;3093,529674;2828,353319;2456,291674;2618,342064;2981,654172;2635,284333;4033,712091;2071,204719;2703,714693;2296,970101;3503,4749;1896,388883;3406,526459;2941,43286;3369,949645;3582,41701;3643,783467;3354,444266;3353,838868;2738,54347;2815,232789;1396,298787;2335,469383;2527,127067;3221,952074;adenosine 5'-diphosphate
58;HILIC;6029;3989,895263;3681,34272;3601,870678;3311,555537;3159,442926;3037,982521;3181,546003;3218,69592;3399,190747;3333,281039;3763,972309;3207,669711;4134,943353;3738,756994;3783,079499;2906,242691;2822,441521;2784,421072;4211,401332;2662,668357;3013,508188;2548,151138;3386,560373;3945,931476;3444,004207;4389,120071;3530,266444;2869,271587;3319,168207;3709,831573;3333,969927;4704,625244;4695,644136;3669,620713;3795,311219;3928,579521;3689,963185;4509,152725;3377,388111;3705,464326;3947,15015;4409,601034;uridine
59;HILIC;6030;576,7527038;814,6505006;1186,486213;809,6571603;833,6800599;806,0670825;0;746,4165592;615,216538;876,6164835;802,5367995;56927,45925;1439,611373;802,9911295;805,3287177;970,1391387;0;987,8071779;1288,143076;0;343,1880826;747,9604075;0;0;111,4364282;0;0;0;236,9009627;296,5548622;0;923,2753097;175,1618081;624,3617282;329,2227593;349,5237755;787,1015029;0;0;170,9777769;0;800,938049;uridine 5'-monophosphate
60;HILIC;6057;6184,444225;7622,052992;6659,476541;5809,657129;6632,563013;8212,328051;6383,405576;8152,761425;8461,169952;7359,0088;9052,70762;8942,973096;10242,85665;8345,770131;7572,990976;8066,811507;6590,158218;9119,084784;7230,058402;4664,31004;5674,370274;6869,651942;5683,578028;8656,531855;2242,598211;1150,302141;1905,445669;1952,495079;1208,810734;2767,202148;5415,509345;5917,287873;6080,23084;6126,425203;4908,084268;4732,2363;4387,143862;5434,556134;3592,66728;5297,003109;4650,142962;4989,216885;l-tyrosine
61;HILIC;6083;696,9070956;609,8782418;626,7936302;460,7780337;355,9137004;785,1120234;794,1370771;861,8355165;672,7456979;172,0361645;623,4508923;22788,53876;432,4699942;839,3030781;1101,479636;781,1942703;554,4381644;25915,00504;0;785,8337814;929,0786873;291,5207974;507,8239058;735,7158367;783,1148472;460,7780337;255,0328285;564,4731784;274,5510811;1144,973226;118,5204062;672,4755894;1172,595027;417,1264795;654,8737088;748,8718535;351,0134461;753,3623358;18146,03875;213,8261257;441,1015356;0;adenosine 5'-monophosphate
62;HILIC;6106;7780,012062;9664,454129;8299,974971;6989,98373;8669,641526;9989,743666;8532,244018;8727,098975;9558,790824;8303,049838;9953,149269;10416,94909;11075,6561;8078,129334;8387,057656;8770,073933;7718,451413;8874,520353;7931,013412;5562,431933;7044,098472;6793,000121;6938,669679;9424,763472;2647,01888;1423,355354;2607,576739;2498,014127;1487,562405;3531,790655;4363,876691;5636,544946;4696,351195;5731,104929;4473,161096;4125,380069;2364,425841;3274,70645;2004,220707;2176,280184;2343,356852;2679,367623;l-leucine
63;HILIC;6119;1925664,167;2140685,489;1612649,96;2533028;0;1558820,224;2527395,88;1403025,17;1818250384;2474917,392;1740387,523;0;1922871,069;1824197,815;1931184,038;1864636,426;0;2192038,799;1642477,987;2179106757;2114943,161;1859729,759;2431498,524;2135544381;1300889,604;0;2749355,808;1325967,044;1990909,196;2535924,912;2012190,095;2398367,351;1495635,577;1673323,066;2137089,453;1993831,469;2727283,515;2426211,457;2258828,355;2220778,255;2363837,585;2340129,332;2-aminoisobutyric acid
64;HILIC;6133;9661,803965;9908,362056;9940,808453;11080,63036;13500,42688;12087,6699;8224,760843;7436,690914;8820,73738;13664,47248;13917,82028;13987,26166;9505,161493;10508,98225;7829,693668;9579,877387;8884,820627;11888,43611;15686,14033;11215,30506;10314,69862;15380,81969;14445,29742;13098,66328;11004,9454;11260,38212;9098,242892;11567,51437;9133,730624;13712,28601;11437,91237;11126,24869;12537,56573;13258,02827;12051,33015;11186,01447;8792,855702;10266,51477;8901,737215;12578,46535;11608,83502;12183,17604;uridine 5'-triphosphate
65;HILIC;6137;2388,067139;3045,397634;2440,380481;2425,150102;2992,265597;2823,285184;2728,522121;2224,221103;3145,401984;2404,212357;2593,300161;3090,363262;2712,75717;2233,561662;2634,480954;2563,723278;2602,063682;2836,162491;2220,337759;2149,066971;2390,59992;2064,261265;2223,202938;3238,357903;971,0529209;919,9655768;1026,048586;1171,145018;550,6922068;1178,288588;1775,764769;2779,404934;1779,935868;2359,272514;1875,987321;1785,863724;1860,881954;2206,793986;1786,950063;1606,112481;1415,527124;1929,285806;l-methionine
66;HILIC;6140;10180,63715;12431,84029;10920,2708;9868,436709;11161,00487;13648,92496;11707,608;12390,05561;12842,55665;11135,89585;14617,16965;13666,42288;14851,04366;12079,73657;11705,72246;12152,42937;10805,03802;12665,87626;12053,83976;8197,246142;9681,116448;10247,53724;10111,57898;13219,19622;4789,705985;2977,321637;4499,612823;3915,443401;3224,27693;5386,50842;8481,862305;10283,27838;7464,493354;9536,45887;8969,033752;7619,803191;7502,211687;9020,246145;7176,911367;7857,538706;7567,598204;7345,519675;l-phenylalanine
67;RP;6175;15642,20312;9215,067942;11713,07282;12344,81049;12609,76537;17573,73935;13660,12414;13851,25198;11435,76305;14944,79622;15040,13604;16987,46319;11173,37476;13036,40751;15270,98219;13724,09118;15152,99341;15924,48684;17307,00113;18693,48187;21134,99535;21114,17556;17654,11426;17697,07709;13903,88654;17450,47099;19958,6525;15197,39269;18946,51845;25189,02275;32151,79884;54387,90971;26647,95553;43149,36266;45886,8889;49705,53097;48513,33243;49755,09839;40028,79932;53401,26269;39387,16187;41310,87565;cytidine
68;HILIC;6262;1419843,203;3257619,668;3447809,516;1744940,773;2252630,032;3605992,203;3786383,244;2940838,134;3960181986;2951815,654;4407525,657;0;3807296,102;3982523,095;3780558,999;3269639,255;686466,1957;881445,3967;3552950,239;3916690031;4427829,546;4206507,663;1716694,188;4183757815;1437513,022;3666233,111;1474445,508;0;4149276,883;4621482,124;3156891,799;2292528,278;4042630,191;3891846516;4089437,224;3879916,671;2133298,905;3623225,753;3777866,379;2765041,226;2236601,626;0;l-ornithine
69;HILIC;6274;711756,7128;781636,3002;0;626628,0708;1087067,929;1029669,232;1009129,5;0;945370416,1;1403366,658;1149329,067;0;728241,168;0;1105558,597;813555,5063;906220,1704;840466,5974;793103,2106;790484692,1;1025007,913;890828,3113;888289,8964;802292414,4;614903,4267;708495,2941;850429,0206;472548,2876;624879,7308;845763,8644;900425,8167;890292,068;905463,2851;965629,4474;949430,8558;753849,8039;1022447,572;1237236,296;905313,2111;1220579,55;1089463,175;873113,9834;l-histidine
70;HILIC;6287;787,641346;1009,92222;894,7591405;849,2019953;885,3822328;963,1756042;845,0590512;1012,506839;783,4755878;801,9365907;1187,692994;1072,900395;1090,562332;976,3841083;1075,754524;990,5137715;724,3218211;639,0076426;804,0325706;492,926204;704,3409932;771,1518864;593,1113153;727,7747291;305,8921462;94,24457803;294,4064669;143,9635111;109,153336;311,582262;454,3379625;508,7752188;555,7335858;619,2190499;421,4209728;307,0007323;39,45860276;548,6054696;3,097554545;276,0619815;311,9024219;207,9254247;l-valine
71;HILIC;6288;25176,79006;28348,44519;28257,16266;24785,44021;23574,56937;30373,69168;23206,68256;28988,13839;24308,92376;26642,47309;31111,60694;25928,36529;33186,85194;26729,1397;26440,37881;27168,02249;22495,97035;15917,09318;28923,75663;17604,83019;21975,63629;24896,94037;19270,85832;21964,1266;16364,13755;11814,9312;15977,29349;12353,17286;14492,54414;16906,34786;16201,82419;12395,78731;15544,30732;16223,23731;15460,61103;15589,35903;14595,83957;17488,79109;2851,915505;19379,87372;14566,77889;14010,30626;l-threonine
72;RP;6305;138289,8176;204210,8773;165960,7681;128036,2347;125538,6284;248773,095;147738,029;208632,518;199830,7829;185095,5818;245816,6495;215050,9686;261978,033;208341,9763;213969,9992;212413,9768;157472,9924;129950,6186;186385,8845;66952,36496;138201,2262;180309,1196;143442,3902;170115,0899;80970,41979;1298,818147;59714,34516;23979,66533;44881,49739;96584,44532;162319,2265;93805,68134;128265,3998;155139,7788;146138,236;135342,1071;118823,2556;153054,1336;85861,68773;135324,4917;109542,4227;81799,01515;l-tryptophan
73;RP;6306;7539,53612;11902,04533;7873,537366;8165,400832;7012,328727;12608,33457;7245,170882;8494,689921;9392,909606;8133,357511;11038,03601;9594,476048;11295,10444;7209,479237;10486,7928;8491,306304;6329,180946;5326,261789;7046,770005;4052,373963;4716,64918;5978,891846;7672,198034;8515,226256;782,9860205;0;1842,432089;1126,302376;0;2318,268412;4788,310338;2442,912996;3321,102398;5535,459257;5085,905703;4839,213662;2017,230481;4532,012192;495,1729331;1389,783563;2792,737603;134,5382729;l-isoleucine
74;HILIC;6322;1130284,638;1307229,854;1994069,573;2055122,75;1351425,614;505788,5744;1230861,941;2184394,377;1292325300;2835296,931;2568007,765;742663,4868;914388,4481;1611183,636;1976951,022;2070365,01;2290326,301;0;985684,6064;1564267808;0;1946579,539;705864,8651;476280,163;1150316,733;2328316,706;1392321,71;1668036,601;2813021,114;663196,6735;1214264,394;0;478655,7293;1533351434;740567,0029;2135904,691;0;1990009,072;1402440,983;1570162,51;861426,0171;2655342,26;l-arginine
75;RP;6613;256957,2359;266718,9409;257506,5732;253868,4215;277221,4793;286367,828;246565,4943;267811,3588;250959,094;302249,1504;271803,2929;253646,5845;303811,3817;303824,6359;275249,7099;267799,5528;281118,6197;248852,4892;312245,3943;270529,9096;277014,7478;293762,4225;270295,9547;259126,3592;188837,071;182577,4928;191006,2565;197090,5324;165158,179;206741,2469;216896,4188;231391,0991;217490,4339;213759,9087;218514,8986;239460,9842;183261,0335;199639,7949;195892,7899;190795,2523;185770,6667;189427,7908;pantothenic acid
76;HILIC;6723;228125064,9;226209079,7;0;271944786,3;326644101,4;248768864,2;278904477,8;221783507,8;2,47E+11;568583736,3;274398781,6;364603695,5;252047438,7;259487584,1;251257411,8;204604521,3;280507134,5;285728372;238957239,1;2,73E+11;293431852,1;268218616,7;0;2,67E+11;249007578,3;462762123,1;346522301,5;249379051,6;294051808,2;317948219,8;272167244,8;0;273839816;3,04E+11;304308478,3;241662760,2;301950803,4;287045137,6;268483843,2;288107307;331640636,9;0;4-pyridoxic acid
77;HILIC;8742;0;876,5378057;0;378,323777;0;1101,24729;505,9659141;913,0670875;668,6154103;0;1092,550739;621,2066668;39,89663804;774,0654046;706,917038;0;628,0841256;213,0533154;1374,265309;153,0497371;0;0;173,2594048;0;952,9888215;27,33480233;0;153,8367971;530,0912522;0;526,7980463;179,3138189;0;449,7107847;319,6920924;703,4337667;480,2244924;488,1004494;;875,481385;212,8662912;350,1976117;shikimic acid
78;HILIC;10256;33403468,96;46657729,91;39764558,59;43676733,95;45842964,31;40539778,23;42156061,46;41197939,18;41733659746;56712356,9;48339324,99;65775867,32;54919898,46;0;0;36219108,13;38499549,68;51885441,84;54036169,4;45341679826;0;52005861,39;45467051,7;54254374200;57786874,31;0;71231595,29;52786664,66;51940273,43;53387372,85;56161521,86;64022415,46;57616790,49;59938625001;50805608,87;40170140,12;54510243,97;55720129,82;44406947,18;0;54325914,11;48373611,58;indole-3-carboxaldehyde
79;RP;10917;6557,040604;7126,917696;7901,663359;6235,448924;6468,128134;5479,420677;6670,07957;6289,179982;6501,94226;5485,692627;5249,051136;3281,652624;5363,196998;4974,048309;6022,505572;5029,972995;5723,818891;4499,885884;5660,87423;5280,250703;4277,035616;4922,841173;3640,076439;4297,452957;5553,000886;3876,104497;3515,848716;3036,894926;3889,822424;2574,328997;3028,646646;2343,426214;3006,521666;3123,90218;2293,780063;3757,352579;1666,865665;1654,739676;1543,638218;1816,956901;1644,438021;1444,343602;l-carnitine
80;HILIC;11005;299229,6087;163031,1087;100266,7979;111352,3699;112772,347;119414,1395;202309,7228;199569,0059;72792,87751;84792,5294;68849,29306;80602,88932;69286,97788;68181,42795;72801,60225;77722,35807;72847,64951;63127,19106;53632,9305;31918,78455;36041,29948;24241,01501;38762,65141;33065,35313;141383,0785;168021,4793;92074,41952;64782,47159;98483,71902;57519,84281;33857,56487;28902,94343;9054,693814;29901,48942;34598,00351;25142,89601;92658,01502;41669,96942;26255,97509;37058,6639;44511,7433;34444,1833;tetradecanoic acid
81;RP;12122;84183,58124;135954,4796;88651,42227;89867,00331;118546,7493;117689,8096;135402,8103;118306,478;103685,8956;96873,72217;130507,806;140185,9173;105970,254;80816,77054;98436,58891;85297,67877;68623,4016;93565,21308;84968,35356;76300,97425;74501,89602;75019,49326;78170,39373;124026,5843;47724,19069;32339,25689;55967,16124;36696,75776;33418,15071;52658,95067;67002,26509;60907,56444;60502,69671;67792,60873;55634,02707;36096,14162;97612,8809;110723,1616;92388,74752;84948,47833;79910,62205;74403,09406;3-hydroxyphenylacetic acid
82;RP;12544;0;169,3727764;228,5980166;0;621,976834;563,7247354;0;709,0971719;183,7213984;652,2435708;873,7116542;1121,150724;413,8141311;583,7586573;0;110,9942608;11,97237745;633,2692489;0;0;0;0;0;134,3071701;0;0;0;0;0;0;0;0;422,6499721;0;0;0;872,2720244;2190,729882;1065,705169;1357,07874;1804,365262;1482,686675;glycochenodeoxycholic acid
83;HILIC;13712;0;0;0;0;197,8430618;5,992498493;22,37250571;0;0;0;119,9388409;0;179,8309245;78,41762169;0;0;0;125,6882747;64,14131625;11,95421963;22,28254463;0;0;15,22940447;79,79878491;0;0;0;0;0;0;389,6286968;44,07413505;6,614320776;0;34,81482339;205,9705447;67,38970564;399,2688343;0;0;0;2'-deoxyuridine
84;RP;15868;6509,965096;0;4470,011559;5460,15879;6856,85366;4813,554538;5813,298282;4719,508876;4924,738302;5279,873664;4204,03286;4846,508202;6006,056665;6137,803524;3962,550324;4816,770293;6898,058367;7436,42252;5716,417478;6914,978264;6295,578202;4471,280446;5836,906804;9872,140133;4091,169448;7280,745258;9132,589006;7058,557367;4155,69031;5508,297444;5706,853122;5925,634806;5923,351355;10090,21209;6010,363131;4530,994572;6839,363752;8582,750242;12063,89169;7982,273512;8269,58069;8762,601164;9,10-epoxystearic acid
85;HILIC;16950;2304000,665;4071485,301;1734688,754;3019976,511;3035164,104;2230098,748;5173860,242;859036,1322;5429135871;2753963,422;1606475,227;8816181,616;2498379,65;246594,0745;0;2464119,376;3215514,833;5927230,345;130977,2464;2354381521;2027276,99;938229,5421;2909290,336;3552237,302;0;992208,2691;154411,1601;418767,4433;138677,1033;329743,2804;145944,8267;0;506403,6743;1039938753;394588,8335;0;146218,0704;1085099,088;1125175,28;439219,6769;1055419,958;869051,5704;l-argininosuccinic acid
128;RP;21488;956,7449003;1290,134232;0;497,2923436;618,669712;313,287634;2037,445378;1061,975432;1544,638931;1952,753667;2072,284493;1467,800409;697,0617465;1796,323707;1238,625526;2441,955558;1002,74375;464,5248376;2189,769138;353,5826613;1930,243401;2364,653082;1105,072634;2541,418914;1798,932967;1289,808473;1363,09212;1017,12478;1148,252082;535,1688685;1271,861566;467,7547829;1730,493661;1693,116806;1626,315342;1073,184077;1747,499847;1694,346784;332,1571742;908,2505152;819,5480891;999,3846994;2-hydroxydecanoic acid
86;HILIC;25561;1224,122857;966,916864;683,5516616;983,1568867;782,4149242;1058,957516;660,5990905;867,8828796;792,5503048;400,5485835;792,5503048;893,0259783;845,9566952;590,1008542;720,1349266;792,5503048;337,9426528;518,2564358;593,9027264;446,9067265;408,7080849;194,8507864;755,8404404;1097,678337;0;0;122,3025704;375,4810385;0;31,7392876;0;502,45375;171,4357538;436,7354905;8,028717188;0;416,3930187;163,1472466;840,6724587;185,3416247;78,56268296;520,7627278;4-carbamoyl-2-acetamidobutanoic acid
88;HILIC;33032;39215,38446;33394,53126;34247,6552;32313,26309;37663,46432;31912,90125;44174,41361;41783,34297;39450,0555;43295,83592;43492,22957;38417,00784;41660,1428;43245,07404;37616,98671;37774,03211;38557,2718;36157,55294;48704,89306;44501,32323;41983,15125;39865,54029;47802,91266;45006,05715;26570,66719;28614,16095;28159,12068;35048,73357;26613,07433;32660,74041;35635,39593;44999,43513;36038,85495;44891,22061;37872,20219;40107,73557;37364,50603;31748,72366;75473,48338;31323,94671;32475,04763;38509,45732;l-glutamic acid
90;RP;48430;21950,95379;34113,11279;29674,70704;22997,45085;31413,98144;38052,94477;28262,5156;37037,157;32942,55113;24667,22397;37204,18279;36872,47922;36749,20248;22971,02392;28260,94876;24549,18805;18299,38093;18979,58958;28145,0833;17821,72166;22477,82153;19958,78106;22495,4874;31486,74464;17638,68577;6745,963531;17442,88452;7607,924303;7298,007309;14095,8887;16822,13784;15777,58009;19135,09456;18755,16684;14611,16028;10849,56901;22694,29658;29172,52008;21854,64005;22221,63564;19888,10823;17171,11113;barbituric acid
91;RP;64950;4419,951008;4730,499603;4707,447702;4345,547192;4419,068721;4111,724398;4501,010271;5050,360533;4404,302402;5455,594131;4678,440809;4125,639855;4089,635548;4227,832129;4332,498625;4817,196542;4872,981583;4681,922147;4239,93016;4114,599628;4219,371112;3410,031106;4149,979875;3057,724629;3291,229664;2523,799628;3005,877096;3164,424467;4279,124342;3170,456344;4431,65429;5276,089214;3328,333043;4995,192653;4596,662714;6063,257849;3732,148524;4268,792885;3193,841354;5078,441788;3602,108116;3755,369826;n-methylnicotinamide
92;HILIC;64956;2987066,009;3358739,031;0;1812374,822;2040364,572;2834985,214;2117112,761;1533470,039;1935183212;2594806,678;1559613,307;2996946,344;1762426,68;3485952,799;1929499,678;0;4063412,977;2772598,824;1317854,143;4177782434;3465797,966;0;4051700,459;3907845057;1133908,304;4590713,895;4582884,195;3458000,719;3151009,941;0;3353407,39;4861435,864;1635768,961;4696183777;3998102,619;3392761,572;4295581,06;4070396,753;3809360,135;3800026,382;2232958,697;4305730,342;3-amino-2-methylpropanoic acid
93;HILIC;64959;0;14,15182064;0;3,749339452;;;0;73,11387216;2,07879326;0;0;4,863306803;25,23983611;0;0;0;1,563936401;3,482475053;4,371526136;22,36505563;0,506617592;16,83202438;0,970228046;38,6759839;0;28,46047697;;0;7,599811492;;;18,78770656;0;3,531317126;0,712802731;0;0;0;0;0;0;0;xanthosine
94;GC;64960;1015475,459;7660786,94;1582098,306;1978300,405;2763242,518;3045528,727;1370285,106;1638139,339;1681777,773;2245472,91;5223508,539;2144415,341;1813610,329;972753,3406;889120,3452;176525,8292;2900192,073;290948,3597;0;299025,7396;0;0;0;545429,9234;0;0;0;0;0;0;0;0;254932,9093;0;0;0;0;0;0;0;0;0;1,5-anhydro-d-glucitol
95;HILIC;64969;1429775,79;0;1419705;1915121,524;2335338,241;1600695,109;2219336,481;1423001,751;2005736698;0;1542114,241;2514324,588;1481665,358;1654496,526;1651061,272;1455597,306;1969350,914;2254522,185;1059336,986;1588105203;1772636,423;1218895,233;1828059,632;2367845307;0;1651577,793;1694458,61;1135976,4;0;1474224,362;1601510,659;2593079,871;1787745,536;2247010424;1798588,401;1399479,212;2056298,879;2129115,935;2062354,2;1817723,298;2303633,42;2012464,621;3-methyl-l-histidine
96;HILIC;65110;109262,5185;110574,1954;91634,73252;164959,1226;187774,884;130229,5765;174010,7446;117704,5742;43780554,14;94814,12139;169867,1132;84748,8868;180774,1229;15379,75171;120678,4288;56151,20519;0;182841,4425;116167,1957;193867665,7;119335,2603;102954,3599;0;229120939,4;205114,1999;152571,0957;395284,1086;215572,3702;242732,1663;219174,4623;158904,0804;274826,9268;154202,4433;257058525,9;0;220332,5612;232539,5535;225134,7002;171631,0323;242386,9049;249194,9261;216624,0061;aica ribonucleotide
97;HILIC;65249;5232,371932;5602,58766;4339,557571;5177,407067;5816,104968;5194,721239;5060,368894;4425,724479;5474,819061;5015,336482;4942,43516;6109,393237;3959,545367;3267,229562;4510,734809;4705,820093;4292,839166;5930,088315;2227,445077;4547,496776;4062,22711;3278,559417;4841,755631;6343,77063;1839,295135;2424,366861;2567,718507;2897,228884;1613,098512;2814,737668;4390,333337;5329,230566;4403,149986;5065,382205;4386,809283;3873,673855;4729,731419;4480,896183;4905,778934;3673,255361;3393,66693;4393,530838;n-acetyl-l-serine
98;SP;65533;68092,27228;62240,21422;61490,1938;69412,56081;71147,97892;56918,05564;56156,34567;64568,24548;63593,27924;56336,83514;63305,49462;62020,84589;66900,19525;75247,56676;71318,04948;63675,59555;63999,04541;61788,0174;61848,1244;74786,75633;63201,08607;53577,58043;58537,77208;63732,59907;35530,95153;39905,91505;40653,45495;37115,92191;36403,88714;37238,42337;36290,95967;39292,13981;56300,40724;46838,38084;49416,96738;46033,29175;30636,90725;32341,27531;31523,46381;30011,78142;40076,57896;35078,41263;glucose-1-phosphate
99;HILIC;69507;644082,5666;438990,1703;1160898,532;967243,0707;1071517,887;1553202,962;964668,3871;1078529,306;1062272485;1705503,012;1703441,656;2815793,25;934774,3213;628264,0762;642564,6022;678685,296;847306,2707;953335,8485;1034017,745;1132122377;1067469,789;750763,8224;1151322,018;953813053,9;984108,4692;0;1661851,994;953258,2151;1225077,58;1268035,059;987667,5413;1444563,886;959049,4531;1400051,746;1139074,874;1010187,988;1282608,222;1456830,185;1169266,384;2031938,542;1346889,667;1365537,677;fructose-6-phosphate
100;HILIC;70912;0;0;22906,08738;90345,21574;121166,4373;75211,08975;129995,3428;1973,529322;130297102,1;128872,9417;71940,25111;122771,7165;59858,01023;86026,98644;28491,58472;40380,49727;0;105446,8405;142384,8673;226457814,1;123054,1975;0;49029,45811;108953858,4;116317,6634;169341,2241;0;110351,9229;94471,01726;57264,56125;62324,48261;50447,18629;76149,53468;106629260,7;0;5464,482932;0;0;86142,79283;76408,21493;10952,47821;36091,50209;n-acetyl-l-leucine
101;HILIC;70914;10728,80322;12665,3017;12409,62409;9111,956741;7537,824638;9642,970146;8806,710533;11011,57632;9448,80458;9905,14486;10316,39316;8418,328817;9943,697902;11462,66776;9313,920032;8522,062234;7727,868143;7075,235285;7927,587854;11203,69966;6118,578963;5814,89714;6687,295938;9888,141695;4129,318878;6512,178567;4119,308789;7932,285095;2807,087163;4374,447417;4951,601542;11152,37904;5584,091817;6036,711816;6162,791859;6755,436237;6006,198108;4718,771672;6302,015286;4597,592973;5517,978784;11304,95386;n-acetyl-l-glutamic acid
105;HILIC;73917;158950,3118;165835,9552;122928,8395;116854,5535;107673,332;117654,3683;102097,7809;113652,4977;122222,2101;149061,366;119264,5218;109216,9544;127531,9017;138991,5306;112581,3676;116306,8334;98122,52735;88828,63979;112824,7323;73501,54396;96207,69801;88719,34755;69588,07892;82018,54788;43148,22032;36202,77426;42298,35982;36537,27473;33050,40021;46283,14426;44579,09931;40192,95243;44257,5455;50183,98563;45819,87619;41905,37209;26891,85538;30922,99521;19191,28884;33237,55178;27836,32729;24634,48244;5-methoxy-5-oxopentanoic acid
106;HILIC;74563;3328,427938;3630,1185;1957,138998;2282,336619;3596,204434;3032,844653;3861,242235;2572,923178;2997,111301;2681,231757;2592,893895;3009,627895;2581,797037;2054,013075;2954,534548;2178,817527;2209,489851;2923,120286;2236,502938;2982,03289;2408,465595;1646,785732;2520,155661;3949,659591;1663,206664;1822,550523;1820,177613;1737,100858;1112,860512;1398,121487;2388,889237;3153,504136;2909,859495;3185,457608;2255,633518;1790,32454;3887,272886;4058,5637;3951,302384;2453,706028;3161,482552;3504,981028;2-oxovaleric acid
107;HILIC;84265;584367,2887;661306,5086;558292,53;795501,7719;0;566980,9427;783674,3192;495030,0907;512917,6584;762323,7557;601636,1444;885665,5114;413346,8854;;0;339207,5495;467795,7388;0;;434425762,5;463715,7666;41098,80612;522566,2187;632202663,7;;505582,6453;511582,2129;411141,9239;128383,6803;490783,3916;251521,2307;758851,0714;667273,7016;639001,5517;475491,8496;0;738463,5825;765572,0626;744668,5095;514900,1042;519989,5958;920328,0753;alpha-galnac
108;HILIC;84571;0;0;0;0;105179,6106;0;87049,76551;0;995461591,1;0;2068751,532;1100370,406;0;0;193044,4443;0;1018171,646;0;0;727750487,9;0;0;863107,3109;1194398452;0;686460,863;430448,8885;0;70321,68902;103304,8105;258363,435;1820336,024;156257,573;1392342114;0;1631857,652;485030,126;823454,3109;325654,3873;0;1005332,964;730896,4821;alpha-lactose
110;RP;87642;12073,23036;9575,311419;4488,606802;1448,039196;6347,89007;50536,99049;6504,101459;22459,47972;10501,08131;16794,83977;53988,13189;10098,38882;7836,960166;34957,52483;27775,38106;10879,53112;6671,594818;0;40954,03838;0;25772,8292;34450,57629;12006,57645;3924,413169;30567,77198;2053,238144;14151,88323;2554,286347;15302,00179;34555,09284;31254,11222;2495,886319;26326,07117;20650,56496;32207,86547;33541,20828;0;10948,12074;1838,229851;11043,76985;8584,714804;2024,528719;coenzyme a
111;HILIC;89216;139,4177399;4,255635723;49,52484912;0;81,95181893;0;0;201,0054488;64,85066766;194,9968103;144,7082528;0;163,519858;114,7270157;28,80002396;79,63910935;74,7644008;0;396,1537146;0;0;191,8023975;0;171,6999985;218,4712074;385,3565313;71,26707351;222,9109409;12,42554596;0;0;84,75766589;12,84464771;0;0;0;0;72,56334168;13,73173705;22,27201021;0;435,7074811;2-acetamido-3-(4-hydroxyphenyl)propanoic acid
112;GC;92135;43608233,5;60419097,75;0;38667403,9;43155102,48;14850420,56;27613109,41;11151526,68;18434943,62;70445200,03;30199343,26;14641603,99;4289901,675;0;0;2238824,208;61506153,59;0;0;2452848,261;2338280,338;6913002,777;0;2974800,402;0;13624653,95;919435,7806;4122294,394;0;6153518,02;10469641,98;9769263,713;0;9066296,03;14906941,71;0;0;0;0;0;3794232,75;0;(r)-3-hydroxybutanoic acid
113;HILIC;92143;950,5052087;1095,321411;1153,422093;881,8211129;813,6038588;894,2273311;922,4515582;985,0874109;871,6335197;1095,883643;;1100,361418;0;1033,029711;1100,361418;907,1257798;725,720895;;870,7944592;;1035,423727;782,2514739;54,02669304;528,5598457;570,0261323;;556,8255773;133,9895692;410,2648283;448,8678985;568,8875749;83,18673798;576,8012872;554,1660492;692,8800662;465,8436716;33,09363331;220,1219593;0;323,9230242;101,1101409;;2-amino-2-(4-hydroxyphenyl)acetic acid
114;HILIC;96215;84,04949072;210,9772172;135,9914301;80,59036852;240,4447723;147,1385953;130,0886872;146,2325114;197,8024619;65,15033635;165,2678902;346,1326754;0;108,4630096;155,2606084;244,1395792;152,3964687;171,0563694;125,5383745;214,0407509;12,82206061;0;102,2477751;0;0;0;0;59,77700614;0;0;0;85,43731593;5,454130325;0,783837834;73,16841207;0;187,9345787;99,56184043;231,0883994;0;91,88905096;64,83971591;imidazoleacetic acid
115;HILIC;98681;323,0647609;150,9851968;233,8965572;317,846763;333,9139007;211,416862;330,887173;285,506;249,0531232;278,7242755;282,573591;285,5227063;226,5853023;168,0097367;309,4109047;234,2646815;341,7821298;396,9375401;118,3484704;305,4811772;301,0295662;206,272274;291,2785539;335,8210677;106,9560445;132,1348069;116,8783951;209,2827782;67,19557015;0,898058539;212,1957762;379,4885294;254,5741414;323,7046415;280,2410028;264,1535573;147,7422602;233,8197195;335,5427055;156,4477721;131,5409344;224,805408;n-propionylglycine
116;HILIC;99463;16,19917907;0;0;21,37173934;73,2252167;0;268,1703761;299,6704098;0;0;114,34722;81,41828981;9,850189928;79,45013223;101,1117828;0;0;0;0;67,31417601;38,95903055;0;75,30664257;0;0;2,403197717;0;8,463737993;0;0;0;0;0;0;118,2446561;80,5646785;107,1515167;0;0;0;27,016708;121,5149512;hexanoylglycine
117;RP;102926;0;3013,307314;3572,908543;0;0;3409,233492;3257,447428;0;3431,700518;4505,661612;4502,733796;5352,031794;3115,762318;3835,14034;3268,512034;3134,194966;3339,910599;4413,899139;4866,631957;0;4927,698467;0;5253,382522;3397,16061;2669,828488;3435,067415;2828,118668;2959,631629;3481,276381;3596,213819;3946,82259;4631,142533;2697,168981;4135,446404;4434,173146;0;2350,178627;3728,929518;2493,460209;4056,023721;2574,300026;2421,042634;d-mannoheptulose
118;RP;107541;19708,16506;31880,62174;36385,77575;40918,61983;15556,66218;15021,90207;14825,21213;13645,97801;20353,1933;32385,26078;18835,62063;29249,65814;39051,65965;12452,02519;14628,58545;27979,30053;22112,86724;20884,13959;19585,24805;14403,91568;15340,60369;33207,32236;17631,65589;21704,48878;8725,063122;7008,495991;9352,5909;8751,767335;9092,082125;9330,081161;10600,07001;11543,92463;11428,65398;14826,31869;16675,46544;14559,04063;9347,088712;11575,42743;13249,78159;15971,0237;11047,1697;7412,976556;4-oxo-l-proline
119;GC;107689;252971071,1;370260711,2;133669314,8;223989616,3;262592195;215440079,8;251953912,3;183815587,8;213715693,2;0;275378095,9;229001918,1;189163001,8;76926496,96;115240121,5;129073913,9;332037090,8;110835082,5;135630804,5;149370377,4;109261853,6;99687309,95;113916174,5;145651417,9;54946367,49;48630709,22;65188900,77;54134767,41;30082850,51;72748770,46;183949152,1;192413454,1;97234217,26;200735714,8;192840559,4;91860180,54;175353101,7;236903869,3;193888256,2;122347590,3;241646690,6;132745677,9;l-lactic acid
120;RP;107738;236509,1272;272413,4751;248645,4062;243212,8217;290862,4459;338910,7238;264930,1995;307697,9082;268961,1995;392121,0687;331452,2163;293681,67;291997,9614;321700,3451;284516,4782;321478,2613;312078,803;251797,6992;320562,3322;276843,4967;275387,1653;335913,2583;274099,3251;275948,0965;258882,1955;197805,5047;222684,6616;239257,6627;201467,5206;261182,0758;303543,7501;282699,607;292660,2718;297283,2668;315158,431;306077,6022;340558,8897;369255,9567;340600,6479;375729,28;341369,8178;361045,6893;propionylcarnitine
121;RP;107812;15503,50175;9933,5646;14527,58096;23619,6195;19880,16385;18215,21881;13433,46279;12334,12156;12269,39812;12148,4341;17705,6651;18286,42607;9510,873988;12483,87103;12685,65091;13152,49381;12360,13713;12397,67378;8748,062324;12276,59888;12050,63829;11606,05113;11802,42422;8297,507928;5233,804745;9315,541459;5586,616318;6560,89021;5106,581766;8842,067003;10251,24386;15861,61224;6604,179191;20322,35492;17602,49314;17300,50367;11614,03105;12888,06165;9475,945428;9793,416675;10297,2001;8769,461186;hypotaurine
122;HILIC;112072;178,3782512;127,9166596;142,5651264;62,01250096;66,60991984;172,0002146;187,766146;117,8323378;102,8669404;175,3047736;148,2181616;64,12550971;198,4767581;170,4803319;117,9258492;185,6822139;76,06152057;;243,7242255;;174,5087246;173,3937231;154,9422457;27,21917713;74,92894929;17,44352361;94,46258013;23,67131412;47,90841098;10,98977778;117,579544;;113,3174392;122,1833665;100,0057441;97,99985836;24,74292647;61,33192243;;128,8102154;47,0469938;;anserine
123;SP;122357;101,0315962;58,63200767;69,55277938;105,7507761;131,184431;75,12162283;96,50422534;101,4356663;132,3201246;78,70032252;92,02406764;98,33718203;139,1189389;124,3302129;157,0909608;115,5756503;92,29194524;119,7230207;235,3924981;141,7383265;114,2931045;87,51171534;101,8375902;61,99008607;39,8297596;76,19394453;49,86573149;38,51173402;51,13287995;76,70713421;122,4817069;108,981589;93,74899671;118,5962301;104,6308801;92,40118029;63,75326184;63,67486342;77,41937955;95,5129939;52,59578444;64,57171792;d-erythrose 4-phosphate
124;SP;123658;650,6425661;108,2776825;392,7944873;151,7876302;56,53295046;464,7468751;419,1465567;79,45557294;359,5308554;439,5361756;401,8053073;453,3936925;423,8103603;405,5009232;356,6544041;337,0567086;355,6698967;343,6419279;418,6482816;275,2524021;309,056483;418,5642406;373,7194047;260,6645914;195,1695683;284,4320206;226,9855255;339,8309149;219,1906604;152,7768992;310,8762049;347,7473791;236,6476862;227,9821955;220,0251272;235,4603474;323,494154;317,3438804;399,3599522;358,1672077;104,5038597;434,2767253;d-ribulose 1,5-bisphosphate
125;SP;123912;14357,04536;12066,92631;12598,59596;13912,68277;13347,06937;12190,03593;11814,20661;12236,62075;13148,61426;11103,87478;12864,0631;12410,40593;13591,81696;15721,84705;13920,12401;14467,1243;13225,56106;12428,50514;11599,65327;13890,56105;13188,13271;11974,76721;13105,21007;13784,82925;6804,134593;8539,358669;8754,629088;8256,130162;7989,644688;8944,244244;9553,428387;11471,86301;13564,27391;12049,01923;11811,87186;11216,48825;8474,273803;9526,709453;8471,133975;8502,460035;10580,7008;9132,714964;galactose-1-phosphate
126;RP;124886;597216,4895;226715,0938;123864,9742;117977,0639;801568,3754;934121,662;595911,4342;766487,6157;545800,9204;321353,764;875489,1526;323973,3592;144917,2884;793843,2157;604460,4722;312278,1341;471702,5436;332352,4618;671517,0509;913762,0852;689355,4407;421521,3699;606752,8942;440201,0501;487506,2151;389025,6855;458887,1286;512844,5766;416199,2031;482211,9549;540528,1266;665444,9758;555259,5302;663395,6425;502930,3478;617419,2713;339266,6185;372537,6158;300518,835;285857,1022;314611,2712;351950,199;glutathione
129;HILIC;145742;993,1019287;999,1594019;927,5177569;1028,279443;892,8953284;1075,177674;767,0372201;731,4488744;854,1044626;836,2326407;854,1044626;805,6669579;888,2792472;811,2066235;643,8032245;913,2582294;709,8349981;838,8572376;966,7693142;820,7579765;868,4328195;677,6114531;779,0945786;1032,88332;368,1985213;604,5383057;568,9865392;540,1317613;459,0785236;606,2267857;707,7368089;949,5878259;580,2718173;877,9711785;831,6595937;737,4192898;877,9711785;853,6682254;947,9600353;800,3322249;723,949606;710,0037551;l-proline
130;HILIC;151152;45190,9194;59432,60688;42159,01024;33325,83711;33040,86911;39424,87939;34254,5471;46334,1886;38381,29329;38428,42777;39268,59979;31370,28598;42094,98268;37040,11111;27016,44129;33057,45428;19276,8175;10848,4361;15751,83102;15114,14503;13715,48708;10230,43821;9175,14319;17358,53526;0;0;251,3570708;0;0;0;4982,166514;8031,899527;2751,007773;6400,78626;3316,954094;1551,209642;5078,525591;9511,114199;6234,999595;8799,243638;3654,552563;6406,284226;threonic acid
132;HILIC;161233;6834271,865;6702471,758;5889793,749;10026908,37;11506259,86;6230051,583;9677716,909;5335538,394;7643540660;8261994,961;6517695,112;9401468,967;6147040,257;7539479,906;6861513,449;0;8507633,141;3183745,823;5849395,813;3417844213;8965044,16;6401356,219;9118563,846;10919318499;6452055,726;8778645,463;8852667,351;0;7876379,969;0;7910632,889;2401230,418;7860916,698;9963282261;0;0;10820825,54;0;9677645,339;8190642,932;9444673,835;7626461,804;nicotinic acid riboside
133;SP;165007;1976,77862;2190,564597;1868,840174;1291,707547;1221,343416;1756,736346;1631,937644;1026,774106;1599,648233;1365,913898;2094,191066;1759,262796;1441,452176;1823,906194;1056,61573;1166,777269;1522,046306;1477,228387;705,1215113;995,4212605;1115,965355;1009,077614;1285,298286;1347,087367;842,0244021;874,2052148;1023,698761;1103,477557;1097,54963;749,0674025;980,9028681;1042,206618;1111,25317;1111,769553;894,5702121;1074,381779;1225,121652;1453,174565;1299,102422;1333,713113;1663,637149;1605,572339;sedoheptulose 7-phosphate
134;SP;172313;1199,574428;902,2867391;1059,975592;850,7738942;970,3354719;643,0867223;534,0715495;560,4132384;849,7544656;810,0129218;590,3178268;860,3674449;755,1471194;869,5686192;749,5815903;873,3415344;810,4802069;862,5196036;1374,606201;1253,236441;1042,997092;1060,042473;1055,386888;1132,90184;759,5225011;574,0193263;618,2360793;1653,483491;818,2479428;1538,689415;1686,050706;1561,422373;2652,822212;2170,378579;1757,247901;2092,897216;1823,205615;1782,325965;2436,892191;2401,519897;2547,45963;2260,402267;d-fructofuranose 1,6-bisphosphate
89;RP;181976;38511,36907;30845,59891;30135,64842;42784,58408;37784,13835;30495,25386;29917,13977;26005,02838;25784,39081;33595,23522;29062,08465;23192,77265;23611,69576;25082,85383;28745,37823;22812,10571;26102,30624;21815,42735;19068,48879;18020,67631;15442,05429;19514,82417;18963,9226;18431,09536;6355,054301;7387,550842;7573,637817;8379,8517;7956,189242;9589,256599;8864,421107;11768,35867;8685,328096;11557,09576;10952,16537;12998,29233;9152,651979;11129,67147;8422,398742;9638,901485;8904,180609;8190,424993;3-hydroxyglutaric acid
135;HILIC;192590;442112,1116;201876,1433;181271,8183;134027,773;573069,1119;481288,582;240354,1589;218539,2182;653579315,2;686471,1916;322985,41;745451,4036;572159,3077;449369,5104;674411,7796;0;789592,5482;742150,284;291834,2963;909103610,3;297108,9061;206603,1476;595591,322;832100696,1;357873,3754;558932,8116;830868,3784;257599,5646;951643,5325;0;547564,2136;550513,8583;127920,0514;1110446496;145217,8426;351592,3775;915896,6633;371320,084;496074,8163;494765,0799;713761,9379;140239,4245;n-alpha-acetyllysine
136;RP;194024;17998,88453;10073,21561;5178,374168;3491,958812;20586,68375;29677,44344;19492,79924;21392,89985;17144,11871;9927,378764;23643,21627;10375,34025;5335,362127;24212,60216;21183,50411;10452,38169;13569,1981;9004,407231;20917,18703;18672,96181;22407,19775;11395,04276;17646,48191;12488,52219;15552,65147;11946,29336;17325,03667;12301,31656;16226,63964;21379,49445;18155,53871;16367,52438;15957,70028;20299,60688;20878,0537;22124,91893;11148,96519;11078,19759;6949,466706;9702,898655;8614,259177;12066,24957;2-keto-3-deoxy-d-gluconic acid
137;GC;222656;147917213,6;86461843,15;94726016,57;133204751,6;142793417,3;93343679,51;134944228,1;110157997;121029506,1;83768046,76;87101864,04;77245062,64;73452795,43;50321923,93;53444687,29;76848399,21;43293983,51;70580728,76;42964037,51;29750875,1;51481661,49;52121735,55;51757672,33;46732161,98;24803777,93;21903832,08;24684458,6;30110062,49;20371924,08;29761290,24;41124131,33;40833904,78;21927078,3;43654204,42;38837542,07;33083128,87;35130877,1;45899187,5;30761294,34;32485680,82;42356399,99;40759128,85;l-malic acid
138;HILIC;439155;1623402,588;2173077,193;1377356,208;877643,6462;2000638,251;3598053,354;2239450,112;3428527,048;2299604320;2203782,698;4875201,965;2185606,663;2065387,193;2566574,14;2815464,656;1408442,54;1187916,014;810411,6686;1359312,541;674164996,8;1576082,84;1902108,974;1423514,753;1508068665;1874417,959;954291,5813;1766212,253;922305,0637;1932942,365;1972839,796;1498601,779;1113836,009;1327031,533;1909715802;1656074,038;1205975,808;0;1774315,457;2058642,08;2957700,822;1572309,811;910431,6429;s-adenosylhomocysteine
139;SP;439160;73269,28002;67813,39735;65266,87821;64040,78829;63661,25944;59884,89471;55139,70129;60755,05423;63072,48095;56783,23576;67482,81248;61727,69335;64375,5301;71581,10974;65858,26223;60553,20045;59582,64507;41202,10421;54613,57927;68423,34545;63693,07157;55222,72202;60864,0482;66271,61528;25735,00849;35537,45088;38617,37743;39491,66937;37132,37223;37102,58291;40595,93218;43512,19893;41163,21627;48838,89533;48512,13899;48798,86188;37188,74513;39294,51324;40890,31811;37672,92716;20187,40474;41016,97518;d-fructose 6-phosphoric acid
140;RP;439162;6354,969738;5319,156267;6810,865171;7144,760859;7899,243018;6301,705173;4384,701612;5500,524674;5268,755054;6275,321305;5794,110933;5847,135372;4094,730913;4603,629242;4889,234348;6319,245295;5442,62969;6596,492907;5341,231822;5554,722971;5328,01;5524,828953;4642,585673;4872,501075;3191,781479;4973,126674;4273,641514;4172,471636;4843,211288;6204,773094;4548,984655;6991,511512;4749,362248;6457,317704;7448,197376;8794,460695;7575,180195;5882,521399;5834,704678;8886,736849;5817,748288;7176,062607;sn-glycerol 3-phosphate
141;SP;439167;21830,42936;19980,08799;19651,7547;19373,82517;21848,9019;17077,06516;16685,03052;17411,96928;19276,60758;16691,40925;20157,87884;16162,93789;19583,52914;21753,66837;20685,68652;16902,9566;17861,92543;15290,85308;17063,80237;22639,17201;21150,52646;20645,39266;19570,69855;19911,31795;11726,20716;14101,51236;15929,21668;16857,10074;15714,78327;14926,67991;14839,94199;15970,10633;18080,65779;17364,51976;21458,20771;18157,45272;16279,21102;14151,94187;15674,37061;13055,68588;14049,49659;15843,06894;d-ribofuranose 5-phosphate
142;HILIC;439176;3852171,471;4469854,182;4002306,263;3874723,233;3895266,451;375,5126802;3863458,993;2908062,482;3492038945;6052889,448;3163064,601;3928744,069;3952438,545;3303617,682;3375571,527;3336848,701;1092,173271;4264515,095;4364352,173;3724489,99;4056946,99;1945,984482;4518695,548;5287548240;2491973,37;4160793,59;3204705,566;2982078,396;1987084,783;1002,853421;3031744,57;3702381,58;3530618,561;3840252730;3298946,676;3123704,171;2838923,167;3257385,34;3190984,518;3092829,563;2738465,448;2992594,756;methylthioadenosine
143;HILIC;439278;3425,513354;6266,089713;6354,516961;1168,729265;0;6253,32463;625,1848544;3386,953387;2712,752122;4396,749096;4576,095775;4104,408783;6830,570501;5150,459769;4956,669124;4280,326942;1730,69005;0;9170,581426;0;4110,489905;5916,034224;0;0;8201,888778;0;5302,91132;0;6309,508295;8433,12189;5654,514446;0;7249,353085;4504,094132;4557,72035;5058,061698;811,9354945;5593,226473;237,1800123;8776,013216;4667,560423;0;2-phospho-d-glyceric acid
144;RP;439498;56389,52373;25893,17252;13327,75534;13291,9895;84868,44533;97650,22388;58015,46091;73186,59786;49755,06757;51408,38668;88590,62562;37326,87789;13310,77509;88390,62643;66733,0846;37457,40229;46863,57725;37831,17936;59880,9681;70488,34113;64738,17828;43216,49219;66461,91993;45107,90941;45721,82461;45300,21953;47866,77135;52234,13012;49238,12832;58558,42673;54986,06257;69658,01039;51131,39704;68277,13389;60948,78717;81795,69205;39010,98294;34688,3481;31273,09771;35033,99565;33322,96994;38951,94399;cysteinylglycine
145;RP;439756;18226,57245;21291,00879;21512,07356;12722,46763;14071,63064;12158,95934;17180,24974;11179,04676;11164,33306;13080,87796;8257,83588;4732,966673;12785,29816;9218,628437;12079,15225;11311,37157;12731,58064;9627,838427;15303,11964;14074,62324;10633,16317;9102,621508;8979,634974;10959,23233;25840,10294;28429,44617;16817,08867;16839,79067;19673,19906;18428,41906;8866,384184;8096,627875;12922,78462;6121,078888;7218,348246;9348,538891;11668,59325;12225,5852;12186,29515;8793,698765;7839,354484;6493,074212;o-acetylcarnitinium
146;RP;439829;33193,22825;36558,86492;35853,19846;31949,27005;39047,55754;40667,88792;25729,62994;28762,57128;29294,43374;41021,4594;30575,44869;30075,37364;38121,05663;35565,7079;32078,73291;30437,14139;23984,4198;26853,90648;30541,01321;27084,47926;26819,67048;28306,41635;26428,37725;23798,98636;11099,43454;15451,55027;14486,8332;16149,20922;15457,90545;18369,82007;22710,70431;21166,47096;22728,01076;18321,57239;19251,14074;23126,26464;13219,21959;13735,8594;12365,27503;13125,21477;16217,4048;12714,92503;o-butanoylcarnitine
147;HILIC;439924;193,6819232;189,678312;303,7165827;86,91816854;193,4748032;329,9709794;17,47058726;353,0090015;124,7108529;388,47145;442,1694012;193,3377953;569,6948423;382,4295487;384,088778;405,691245;0;;841,6461155;0;189,3199115;532,6957907;0;0;369,2771081;49,73793483;0;24,52268146;300,6722101;502,7268167;368,6822217;;404,1138112;219,5397835;188,5759445;365,6064562;;212,0193697;;271,075526;37,91057073;0;nicotinamide riboside
148;HILIC;440014;0;0;0;263394,5484;613004,9451;0;614195,1858;183572591,8;844429767,4;;0;119539,3684;;231674762,1;0;0;381781410,5;1680904,649;302791055,7;3108956183;1889575,424;329388449,8;933694,2038;2803801076;255359822,2;2932718,823;354818360,5;259982267,6;288812073,3;312054428,7;1356986,611;4274384,277;1657127,537;4,46E+11;2427133,207;351689691,9;311927263,3;0;;332251215,8;465606636,7;0;cis-4-hydroxy-d-proline
149;GC;440864;9040579,947;24227086,6;2497815,611;7721879,906;0;2546176,327;5440119,634;2152484,825;2832792,222;142764327,4;15568119,13;3569408,149;927433,237;0;0;899801,1544;35876343,84;478489,4186;0;0;0;1176803,481;0;0;0;0;0;0;0;482882,9714;1573589,716;1754529,33;0;1255625,441;1760101,871;1090076,571;0;0;0;0;0;0;(s)-2-hydroxybutyric acid
150;RP;444212;5875,141936;7314,335785;7879,873768;5184,201398;3197,599097;7425,974008;4464,149292;4296,676956;4086,560697;4670,480306;4586,49693;4094,970945;6096,470226;4167,045932;3975,594162;5819,55173;2663,29078;2237,093271;4440,004483;2415,792449;4002,064127;3753,978801;2781,321412;2104,874924;2271,902509;0;2007,71964;1680,451544;1930,493732;2270,680069;2490,6587;0;2475,179764;2069,774515;2568,428161;2910,150949;0;2013,377152;1202,915309;1730,163502;1894,506512;0;trans-aconitic acid
151;HILIC;444899;19559,15404;12074,38867;11502,89946;11267,52087;9451,700895;9880,114862;19607,16885;18720,30564;15085,12971;14851,81406;16563,97388;18402,88446;24271,20569;28892,21859;29910,21533;18141,40766;18968,46496;12156,72542;22743,65462;15044,53399;15992,15414;8071,18308;12007,49825;9832,166183;76382,26024;115476,2421;71058,16935;47809,83854;81229,16845;51925,89513;7031,116851;12030,2023;8031,043024;6661,740389;8563,112277;8233,775712;20392,90887;13896,81953;10829,70675;13512,00115;14304,69766;12265,99975;arachidonic acid
152;RP;444972;11385,93398;14437,60321;11460,27268;11445,03652;12986,07999;17767,58205;15833,91444;17361,4753;14317,53648;13861,43739;20132,93458;13860,04817;9857,069801;16543,47931;15075,78768;10428,7748;8497,851352;7090,229202;4633,526224;6414,780471;7360,628808;5105,02013;6510,636824;6626,840994;2075,879859;2757,498827;2688,876631;4057,526637;2138,092782;4141,565186;4923,220771;4241,988013;3139,297503;5458,543096;3384,808085;3219,497703;5859,408043;8824,589219;6904,813535;8321,456186;5586,936852;6841,438499;fumaric acid
153;HILIC;445639;163130,3608;143945,2073;83958,30812;85798,45947;62184,04645;50588,43071;314627,0758;256147,8254;251319,4624;280515,3421;258220,7352;224940,3116;324377,4591;305652,7878;314966,4725;326247,567;359494,1748;299042,6911;278609,9059;158645,2278;162891,1537;179049,7563;180312,2258;164774,1396;720849,2852;843215,6378;490908,3801;352655,4986;533504,4125;305644,0092;152654,013;162494,2743;98702,74415;156187,1791;163826,4265;126634,8034;173478,2802;142897,0642;120108,4163;140894,7926;135190,8421;125737,6143;oleic acid
154;RP;445675;180719,6144;118500,2009;144303,9336;228814,5113;209802,9277;149278,8639;149497,193;146040,5358;154082,576;182237,6229;203101,4014;154424,2113;135678,324;163717,7093;152807,4191;130878,5343;160515,1985;115192,0019;119079,6447;122492,6615;124506,5146;157950,6132;153312,2576;138473,0634;59835,9138;78856,66416;85963,14128;75494,031;67684,38778;100701,7499;89929,83325;137715,876;88144,51824;131119,9078;148547,5962;106827,7459;80643,84551;80067,94994;75584,50628;72815,283;71961,52972;57368,64022;udp-n-acetylglucosamine
155;RP;493570;556,3862909;1647,083306;1745,256919;1150,916802;1995,852669;1784,837213;783,3310588;2456,431745;1642,321827;1632,415126;2666,546204;1654,137055;2501,659775;1497,550432;1285,745603;994,9987224;1647,332332;1739,600879;1426,431676;1402,704732;834,9511889;1125,78867;516,246788;1422,501736;359,5158267;443,4964162;479,9369588;250,4724041;472,2616682;661,0842373;1618,259253;235,8752644;1621,88187;1058,506077;782,8101521;736,8537056;664,726519;1159,066714;834,9816897;840,5509511;896,1546679;592,5552712;riboflavin
156;HILIC;643798;788,102841;474,9598687;1626,158042;490,2665568;628,3739146;1472,220999;813,8107682;1841,534084;392,7723856;234,2041542;1339,232654;372,6258129;1876,081824;562,0103128;283,9748234;205,4521242;677,5868182;423,9110846;2368,340384;511,0799192;243,8363462;1367,401114;572,369037;406,6294508;771,3821006;8,721036211;0;424,1097978;1102,195608;9,442608867;5,239375114;395,6085251;445,5178277;517,0131401;189,8455985;115,0991133;578,0405556;224,297572;0;186,3369332;0;70,62416929;citraconic acid
157;RP;643975;4263,20223;4441,128478;3429,008331;3705,828137;3824,2727;4696,010643;3743,5329;3877,085458;0;4512,830998;4046,752598;4440,888084;5208,277409;5397,679369;4301,343579;3409,333264;3639,184118;2838,415302;5429,960978;3971,717205;4003,696938;5777,418684;4632,394851;3676,689321;4782,222968;4836,304403;4491,758333;3880,43454;4986,841455;4060,88238;5686,044457;5440,522929;5343,419499;4263,348275;5267,453646;4091,843225;3109,805599;3569,123374;2699,580013;4233,453778;4015,10046;3128,230531;flavin adenine dinucleotide
87;RP;4298878;20016,24879;34023,86346;21859,2175;20833,48658;28953,54035;35775,94134;24970,02788;30968,70992;26947,02023;24341,00044;32267,0404;28088,51811;31139,0284;24739,03616;27397,13898;22778,38973;18997,85707;20037,77272;25894,42421;19303,31398;24526,37014;23334,42782;21249,89864;27406,76201;17745,59624;11021,66857;20642,79111;11199,4566;11185,72881;15349,77928;29857,19233;24958,21928;31627,81597;27703,91889;21501,9513;19013,02882;35958,45931;39928,08458;27648,99933;33644,17789;28408,29995;25837,78711;3-methyl-2-oxopentanoate
158;HILIC;5280450;5922,764998;4001,410204;604,9213432;3870,743355;0;867,8023368;26250,5332;21482,04999;17695,19774;18600,96524;20357,11724;25722,964;24967,83947;25436,07238;22256,49409;31990,69137;26557,30835;21275,66006;22620,483;8143,60422;10431,11518;14054,42423;13627,12686;11244,62031;57174,57533;67805,60834;37329,07639;27300,64272;42232,11881;24035,01105;9853,531732;16860,5624;4755,311256;11695,06076;10424,73832;9835,484169;13729,30794;9226,96086;6548,05693;11665,30212;6427,81359;7425,890659;linoleic acid
159;HILIC;5280523;488,2902645;687,4296973;145,9209587;198,2223479;198,1250892;0;320,4885217;1784,040459;0;445,9511133;2683,228272;609,3315014;1624,871006;0;0;0;229,4423915;253,1407744;1786,90187;87,4218011;0;1603,495976;193,0909429;348,4718049;2412,683014;21,30876765;485,0031853;128,348917;431,6640485;589,6193913;0;193,2328432;21,30876765;274,7420625;318,6298635;346,155297;569,7079041;536,853912;0;812,3074262;510,8600391;147,8765119;(2s)-2-isopropylmalate
160;RP;5326566;6872,294872;10112,1206;9754,020107;7553,060986;7638,227182;7612,130472;5987,998656;8016,859337;5915,177274;9158,286752;7120,239738;5959,420313;7226,48544;6347,090729;7646,758072;7633,512481;6867,93331;5274,061902;8762,139954;7303,489933;6300,893631;10041,22665;7520,760416;7549,218168;8947,679773;7708,689628;7842,245491;5651,677552;7282,783919;7384,03782;6674,735455;6894,88118;6709,459176;8407,71373;7589,464137;8384,610959;6401,798883;7459,994092;8429,503194;9335,412612;8663,321689;7985,816675;lumichrome
161;HILIC;5353955;6850,168988;767,7086679;6224,673537;25330,08962;7220,519169;0;27938,17161;26931,11749;28134,41634;22162,47829;27444,28906;21699,51527;28245,82702;22191,77986;28516,56014;15909,30454;28868,36122;27906,0008;27637,27298;28256,2035;25862,91169;21680,31786;19084,16262;9450,549173;25676,07798;28376,40902;25487,04284;26196,07416;22605,72576;25432,39258;19579,8716;16822,27135;4311,715614;6464,330555;5029,710191;1056,966793;1948,301809;2238,677093;10351,80381;912,83446;3057,69304;5851,032519;erythrosphingosine
127;RP;5375048;47970,01019;91555,05582;67204,58743;56491,74964;82566,4902;108381,1707;81407,96199;88853,8485;90919,70371;89945,01579;111066,881;103657,3213;127799,061;112342,2438;93132,04948;87751,68897;91728,27817;78496,93189;98057,75118;70619,40865;64716,35778;88161,00278;69837,96233;96654,0113;34072,26095;17218,72585;24513,04379;28963,51385;26455,36182;39134,9034;66282,47903;73825,00132;77903,04028;72235,40988;65194,52264;73488,30015;57589,68076;69004,42679;60665,6432;72402,10217;65855,94726;56459,04972;3-indoleacrylic acid
162;RP;5460350;124,3228091;2992,261003;801,9736989;1949,860008;0;2668,525662;739,8537225;6208,94992;411,9433692;3628,111755;10186,70928;1337,29412;33,87187291;2560,627873;3043,947372;174,79536;0;0;1104,631494;0;104,323586;1488,684973;363,9494817;0;1685,410958;0;59,86285604;0;0;0;0;0;0;0;1155,763091;8493,125455;1608,908915;0;0;315,2419864;0;0;(3,4-dihydroxyphenyl)acetate
163;GC;5460407;590239,3468;528558,4221;311167,8383;417284,2021;436233,6757;348619,498;434685,4361;250348,5409;406553,518;3469505,829;210068,6468;259044,7738;239103,02;95549,90203;115321,5367;202468,9976;398999,4488;131939,1329;112936,3167;49162,78255;70969,29931;69953,87348;93727,24291;77451,35359;0;0;0;0;0;0;17068,05271;53362,01847;0;92577,3916;39786,79902;0;0;25300,83808;0;0;0;0;l-threonic acid
164;RP;6426851;565739,8214;563757,8928;516423,0522;572277,8191;623306,5006;661136,7309;671071,8248;784482,4712;759937,3135;831862,2884;781990,5447;783422,6447;1105606,932;1182670,429;1016275,069;953264,4666;1007091,848;783143,5688;1149301,74;1076199,303;1012220,565;1246869,96;1086378,316;1048932,713;725454,2041;672233,9957;730448,4613;713478,3984;661277,4039;865665,766;1222603,679;1103873,966;1027821,691;1240866,014;1050699,586;1004810,782;560682,8184;585882,1178;567122,4035;653544,4068;630629,3287;571790,6564;isovalerylcarnitine
104;RP;6426855;10832,65191;11363,85877;9966,711573;8436,132803;14728,22066;12346,95532;13308,6131;15406,74196;11775,32129;15329,05448;15367,59152;10914,03294;9079,545171;13722,95516;13282,3924;12422,1286;17248,97756;14119,21398;12355,05016;14949,80425;11748,05599;15704,92401;14855,45668;16367,49148;13065,58476;14259,30721;8065,260888;15016,71064;11764,34822;12457,37593;8810,362146;8900,068673;8057,954781;8924,547265;7763,027124;6987,402209;0;0;2991,691022;2516,984042;2442,439135;0;o-stearoylcarnitine
102;RP;6441392;21012,79697;16768,20248;21561,80156;16768,24629;23818,26063;18151,53852;26866,90699;25616,93951;19012,95376;31441,38496;23175,01086;19759,67747;26573,17949;25369,75648;22734,38137;27952,23899;33589,97269;29431,7467;34630,09219;30322,64485;24316,38411;26815,86439;26981,27632;30338,87022;28875,09498;37369,7376;25753,50802;30434,9812;29339,8812;30868,3765;30255,75128;37592,44593;32861,24225;28240,75069;29520,30439;28889,91179;31088,56265;32355,97715;32829,78318;31089,02656;30287,38559;32389,40586;oleoylcarnitine
165;RP;7311724;7525,067278;4703,068153;6153,342491;6837,840053;7358,563624;7244,121576;5644,947002;5705,972123;4298,370072;6033,475352;5878,310595;5990,085406;5394,567726;5297,059769;5085,01598;7369,386205;6546,142511;7813,678037;5082,144804;6114,120489;4639,766282;6806,041774;4446,880165;4619,145954;3346,106629;3919,631617;4181,024405;3819,208055;4423,456686;4054,231337;4510,922115;4421,284336;3039,402356;5616,494174;3943,972416;5367,739054;4287,632527;4220,544405;3481,284701;4560,231182;4091,762595;3782,61687;(2s)-2-azaniumylpropanoate
103;RP;10427569;2583,613166;1780,198503;2083,701512;1872,030981;1637,174117;1758,341117;3428,896117;3526,333432;2766,268105;3904,652854;3036,793543;2882,476007;3647,91042;2933,968964;3200,126215;3162,87785;3623,763378;3028,470116;2685,202426;3061,43761;2568,992686;2833,297582;3151,994426;2430,518901;2319,908574;2717,783513;2062,541193;2302,721487;2027,509115;2253,543654;1957,440207;2856,710798;2751,467201;2442,985378;2475,621871;2654,67922;1449,197161;1524,267067;2347,597062;1529,028572;1488,007943;1480,90581;o-dodecanoylcarnitine
166;HILIC;11506771;186,4386077;123,9993093;96,82653314;123,8079757;135,6054563;15,33763796;258,6558763;171,7587605;146,1001822;133,6134741;227,9295596;0;0;257,3156244;114,6998273;34,69392146;78,01857842;153,4309543;94,20428895;64,73475596;119,7701834;143,9523371;173,4099589;158,9077451;0;34,78354838;133,719913;32,56368165;51,43497452;2,543682123;39,54756386;186,0627383;74,37624;113,0481266;75,79110581;40,88385149;55,07208184;0;13,62093495;36,93263753;242,2954744;0;n-acetylcitrulline
167;RP;11953816;52140,81232;43017,04175;52583,19643;38058,16612;47180,96024;47008,11537;92703,57588;82850,96738;73167,66739;101431,4826;74133,76563;53826,59592;78732,47343;72348,04798;80134,88394;76801,66635;84347,1868;81045,28264;96721,99851;84251,50495;75487,91764;89372,37221;80412,24627;76733,79766;89578,72756;98861,65726;70946,53276;88177,01201;85535,09584;76660,07654;73021,55401;83283,99618;72062,6277;60987,16911;68386,82228;61988,22887;43872,40077;45838,88888;46929,07593;44874,45842;42768,28194;49076,17536;l-palmitoylcarnitine
109;RP;91825636;8814,384772;9042,3346;7274,586794;6319,591495;9573,967571;10747,39161;8726,936654;10768,55411;7622,975616;9908,33693;10427,2422;8419,673174;9380,854083;14451,91897;9903,41034;7562,627566;8798,323768;7123,471392;12874,1857;10536,02562;11840,51215;10376,78559;9216,346357;9454,343969;10461,2508;8336,085017;9591,894061;9191,000018;10006,50457;10754,49629;0;12523,35297;11903,75462;11565,5739;10507,76546;10880,03393;7363,118597;7051,2936;7300,775947;7747,497111;7259,77574;7990,426552;tiglyl carnitine
168;HILIC;135398570;972,2635646;0;197,0749593;1380,176153;0;0;1350,830298;44,1183906;5,946515457;0;0;478,2336186;0;194,6297669;221,5349486;439,7408051;599,6750634;0;287,0317902;0;280,8143517;79,71267104;805,7944909;0;0;0;103,5663929;0;353,2351345;389,7775953;243,3199642;124,3891033;220,8718681;391,070549;255,9445979;133,6138222;1296,310545;0;0;0;512,3988632;0;cyclic gmp
169;HILIC;135398635;43,78251438;26,54711004;0;13,67642541;0;13,39467247;0;0;72,72064817;41,29766449;65,81937538;19,08789963;27,55511145;1,063719635;0;45,11555701;0;13,07881401;49,45769521;30,32711532;67,04188656;0;0;0;17,92018891;84,82028228;0;112,6142302;50,22533764;25,56473579;5,073007195;13,13470776;39,69312839;0;0;0;35,15845238;0;107,813338;54,62148983;0;88,54827765;guanosine
170;HILIC;135398638;829,2678802;1002,033642;915,8906209;842,5034198;1065,858031;700,5135709;548,5763271;670,7931801;631,6859676;607,2585257;761,8242545;732,5817185;631,0891247;621,0137558;650,3481958;673,0936044;637,4918003;77,42688661;544,7173446;538,1998186;454,5007182;520,8254708;454,2382972;377,5837386;164,9473832;382,4335049;319,2861977;392,3772915;129,1436459;279,2197522;330,6843006;428,388787;241,517581;406,058512;347,4332394;148,983743;504,7195004;393,7360147;113,6735655;225,4235803;452,4102871;441,6211846;hypoxanthine
171;RP;135398641;7274,915704;5688,43272;4412,95384;6180,110922;4660,70995;5575,112875;5262,446671;3940,515086;4896,303942;4567,830742;4568,405845;4528,631103;3980,818027;4746,059549;6440,599125;5086,158043;3890,819964;3947,101317;5656,69703;4577,520002;4026,886138;5556,575035;5539,307613;5002,43588;6691,657228;11222,59927;7022,42235;7831,01248;9462,299663;8484,638465;3887,173357;6183,136714;4962,922163;3713,265713;3769,218343;5225,482803;2987,268993;2471,37363;2769,336255;2592,832828;2324,870622;2177,198768;inosine